-- Base de datos y tablas
CREATE DATABASE IF NOT EXISTS cyclops_db;
USE cyclops_db;

CREATE TABLE IF NOT EXISTS Users (
    id INT AUTO_INCREMENT,
    name VARCHAR(255) NOT NULL,
    email VARCHAR(255) NOT NULL UNIQUE,
    password VARCHAR(255) NOT NULL,
    role VARCHAR(50) NOT NULL,
    PRIMARY KEY (id)
);

CREATE TABLE IF NOT EXISTS Session (
    id INT,
    start_date DATETIME NOT NULL,
    end_date DATETIME NOT NULL,
    PRIMARY KEY (id)
);

CREATE TABLE IF NOT EXISTS User_session (
    id_user INT,
    id_session INT,
    PRIMARY KEY (id_user, id_session),
    FOREIGN KEY (id_user) REFERENCES Users(id) ON DELETE CASCADE,
    FOREIGN KEY (id_session) REFERENCES Session(id) ON DELETE CASCADE
);

CREATE TABLE IF NOT EXISTS Events (
    id INT AUTO_INCREMENT,
    type VARCHAR(255) NOT NULL,
    momento TIMESTAMP DEFAULT CURRENT_TIMESTAMP,
    id_session INT,
    PRIMARY KEY (id),
    FOREIGN KEY (id_session) REFERENCES Session(id) ON DELETE CASCADE
);

CREATE TABLE IF NOT EXISTS Stats (
    id_session INT,
    nombre VARCHAR(255) NOT NULL,
    momento TIMESTAMP DEFAULT CURRENT_TIMESTAMP,
    valor FLOAT NOT NULL,
    PRIMARY KEY (id_session, nombre, momento),
    FOREIGN KEY (id_session) REFERENCES Session(id) ON DELETE CASCADE
);

-- Insertar datos de ejemplo en la tabla Users
INSERT INTO Users (name, email, password, role) VALUES
('Vicente Maroto', 'vic@example.com', 'user', 'student'),
('Antonio Recio', 'mariscos@example.com', 'user', 'student'),
('Amador Rivas', 'rivas@example.com', 'user', 'student');

-- Insertar sesiones de ejemplo en la tabla Session
INSERT INTO Session (id, start_date, end_date) VALUES
        (1, '2023-10-12 10:00:00', '2023-10-12 10:20:00'),
        (2, '2023-10-12 10:10:00', '2023-10-12 10:30:00'),
        (3, '2023-10-12 10:40:00', '2023-10-12 11:10:00'),
        (4, '2023-10-20 10:20:00', '2023-10-20 11:40:00'),
        (5, '2023-10-22 10:00:00', '2023-10-22 10:20:00'),
        (6, '2023-10-22 10:44:00', '2023-10-22 11:15:00');

-- Relacionar usuarios con sesiones en la tabla User_session
INSERT INTO User_session (id_user, id_session) VALUES
(1, 1),
(1, 2),
(1, 3),
(1, 4),
(1, 5),
(1, 6);

-- Insertar eventos en la tabla Events
-- Insertar más eventos para la sesión 1
INSERT INTO Events (type, momento, id_session) VALUES
('TALK', '2023-10-12 10:10:00', 1),
('INSULT', '2023-10-12 10:12:45', 1),
('STAND_UP', '2023-10-12 10:16:30', 1);

-- Insertar más eventos para la sesión 2
INSERT INTO Events (type, momento, id_session) VALUES
('TALK', '2023-10-12 10:18:00', 2),
('INSULT', '2023-10-12 10:20:30', 2),
('STAND_UP', '2023-10-12 10:25:00', 2);

-- Insertar eventos para la sesión 3
INSERT INTO Events (type, momento, id_session) VALUES
('INSULT', '2023-10-12 10:42:00', 3),
('TALK', '2023-10-12 10:45:30', 3),
('STAND_UP', '2023-10-12 10:50:00', 3),
('THROW_PAPER', '2023-10-12 10:55:10', 3),
('INSULT', '2023-10-12 11:00:20', 3);

-- Insertar eventos para la sesión 4
INSERT INTO Events (type, momento, id_session) VALUES
('INSULT', '2023-10-20 10:25:00', 4),
('STAND_UP', '2023-10-20 10:30:45', 4),
('TALK', '2023-10-20 10:35:00', 4),
('INSULT', '2023-10-20 10:40:20', 4),
('THROW_PAPER', '2023-10-20 10:55:30', 4);

-- Insertar eventos para la sesión 5
INSERT INTO Events (type, momento, id_session) VALUES
('TALK', '2023-10-22 10:02:00', 5),
('STAND_UP', '2023-10-22 10:05:45', 5),
('INSULT', '2023-10-22 10:10:15', 5),
('THROW_PAPER', '2023-10-22 10:15:30', 5);

-- Insertar eventos para la sesión 6
INSERT INTO Events (type, momento, id_session) VALUES
('TALK', '2023-10-22 10:45:30', 6),
('STAND_UP', '2023-10-22 10:50:00', 6),
('INSULT', '2023-10-22 10:55:10', 6),
('THROW_PAPER', '2023-10-22 11:00:20', 6);


INSERT INTO Stats (id_session, nombre, momento, valor) VALUES
    (1, 'MOV_HAND_LEFT', '2023-10-12 10:00:00', 4.9),
    (1, 'MOV_HEAD', '2023-10-12 10:00:00', 3.9),
    (1, 'MOV_HAND_RIGHT', '2023-10-12 10:00:00', 3.8),
    (1, 'MOV_HAND_LEFT', '2023-10-12 10:00:30', 1.1),
    (1, 'MOV_HEAD', '2023-10-12 10:00:30', 3.5),
    (1, 'MOV_HAND_RIGHT', '2023-10-12 10:00:30', 3.9),
    (1, 'MOV_HAND_LEFT', '2023-10-12 10:01:00', 3.8),
    (1, 'MOV_HEAD', '2023-10-12 10:01:00', 2.2),
    (1, 'MOV_HAND_RIGHT', '2023-10-12 10:01:00', 4.7),
    (1, 'MOV_HAND_LEFT', '2023-10-12 10:01:30', 2.7),
    (1, 'MOV_HEAD', '2023-10-12 10:01:30', 4.9),
    (1, 'MOV_HAND_RIGHT', '2023-10-12 10:01:30', 5.1),
    (1, 'MOV_HAND_LEFT', '2023-10-12 10:02:00', 1.0),
    (1, 'MOV_HEAD', '2023-10-12 10:02:00', 1.1),
    (1, 'MOV_HAND_RIGHT', '2023-10-12 10:02:00', 5.2),
    (1, 'MOV_HAND_LEFT', '2023-10-12 10:02:30', 2.4),
    (1, 'MOV_HEAD', '2023-10-12 10:02:30', 5.1),
    (1, 'MOV_HAND_RIGHT', '2023-10-12 10:02:30', 2.5),
    (1, 'MOV_HAND_LEFT', '2023-10-12 10:03:00', 5.9),
    (1, 'MOV_HEAD', '2023-10-12 10:03:00', 4.3),
    (1, 'MOV_HAND_RIGHT', '2023-10-12 10:03:00', 4.0),
    (1, 'MOV_HAND_LEFT', '2023-10-12 10:03:30', 5.8),
    (1, 'MOV_HEAD', '2023-10-12 10:03:30', 4.1),
    (1, 'MOV_HAND_RIGHT', '2023-10-12 10:03:30', 5.2),
    (1, 'MOV_HAND_LEFT', '2023-10-12 10:04:00', 1.9),
    (1, 'MOV_HEAD', '2023-10-12 10:04:00', 5.4),
    (1, 'MOV_HAND_RIGHT', '2023-10-12 10:04:00', 5.6),
    (1, 'MOV_HAND_LEFT', '2023-10-12 10:04:30', 1.1),
    (1, 'MOV_HEAD', '2023-10-12 10:04:30', 5.0),
    (1, 'MOV_HAND_RIGHT', '2023-10-12 10:04:30', 3.2),
    (1, 'MOV_HAND_LEFT', '2023-10-12 10:05:00', 4.6),
    (1, 'MOV_HEAD', '2023-10-12 10:05:00', 3.0),
    (1, 'MOV_HAND_RIGHT', '2023-10-12 10:05:00', 3.6),
    (1, 'MOV_HAND_LEFT', '2023-10-12 10:05:30', 3.1),
    (1, 'MOV_HEAD', '2023-10-12 10:05:30', 4.4),
    (1, 'MOV_HAND_RIGHT', '2023-10-12 10:05:30', 4.3),
    (1, 'MOV_HAND_LEFT', '2023-10-12 10:06:00', 2.8),
    (1, 'MOV_HEAD', '2023-10-12 10:06:00', 5.3),
    (1, 'MOV_HAND_RIGHT', '2023-10-12 10:06:00', 3.2),
    (1, 'MOV_HAND_LEFT', '2023-10-12 10:06:30', 2.1),
    (1, 'MOV_HEAD', '2023-10-12 10:06:30', 3.2),
    (1, 'MOV_HAND_RIGHT', '2023-10-12 10:06:30', 5.2),
    (1, 'MOV_HAND_LEFT', '2023-10-12 10:07:00', 4.9),
    (1, 'MOV_HEAD', '2023-10-12 10:07:00', 4.2),
    (1, 'MOV_HAND_RIGHT', '2023-10-12 10:07:00', 5.1),
    (1, 'MOV_HAND_LEFT', '2023-10-12 10:07:30', 5.1),
    (1, 'MOV_HEAD', '2023-10-12 10:07:30', 2.5),
    (1, 'MOV_HAND_RIGHT', '2023-10-12 10:07:30', 1.3),
    (1, 'MOV_HAND_LEFT', '2023-10-12 10:08:00', 3.5),
    (1, 'MOV_HEAD', '2023-10-12 10:08:00', 1.9),
    (1, 'MOV_HAND_RIGHT', '2023-10-12 10:08:00', 3.5),
    (1, 'MOV_HAND_LEFT', '2023-10-12 10:08:30', 4.7),
    (1, 'MOV_HEAD', '2023-10-12 10:08:30', 4.7),
    (1, 'MOV_HAND_RIGHT', '2023-10-12 10:08:30', 2.0),
    (1, 'MOV_HAND_LEFT', '2023-10-12 10:09:00', 1.7),
    (1, 'MOV_HEAD', '2023-10-12 10:09:00', 2.6),
    (1, 'MOV_HAND_RIGHT', '2023-10-12 10:09:00', 3.0),
    (1, 'MOV_HAND_LEFT', '2023-10-12 10:09:30', 3.9),
    (1, 'MOV_HEAD', '2023-10-12 10:09:30', 1.8),
    (1, 'MOV_HAND_RIGHT', '2023-10-12 10:09:30', 3.4),
    (1, 'MOV_HAND_LEFT', '2023-10-12 10:10:00', 2.7),
    (1, 'MOV_HEAD', '2023-10-12 10:10:00', 4.8),
    (1, 'MOV_HAND_RIGHT', '2023-10-12 10:10:00', 5.6),
    (1, 'MOV_HAND_LEFT', '2023-10-12 10:10:30', 1.2),
    (1, 'MOV_HEAD', '2023-10-12 10:10:30', 1.6),
    (1, 'MOV_HAND_RIGHT', '2023-10-12 10:10:30', 4.0),
    (1, 'MOV_HAND_LEFT', '2023-10-12 10:11:00', 5.6),
    (1, 'MOV_HEAD', '2023-10-12 10:11:00', 3.7),
    (1, 'MOV_HAND_RIGHT', '2023-10-12 10:11:00', 1.1),
    (1, 'MOV_HAND_LEFT', '2023-10-12 10:11:30', 3.6),
    (1, 'MOV_HEAD', '2023-10-12 10:11:30', 1.5),
    (1, 'MOV_HAND_RIGHT', '2023-10-12 10:11:30', 2.6),
    (1, 'MOV_HAND_LEFT', '2023-10-12 10:12:00', 1.5),
    (1, 'MOV_HEAD', '2023-10-12 10:12:00', 3.2),
    (1, 'MOV_HAND_RIGHT', '2023-10-12 10:12:00', 2.0),
    (1, 'MOV_HAND_LEFT', '2023-10-12 10:12:30', 5.1),
    (1, 'MOV_HEAD', '2023-10-12 10:12:30', 1.6),
    (1, 'MOV_HAND_RIGHT', '2023-10-12 10:12:30', 1.9),
    (1, 'MOV_HAND_LEFT', '2023-10-12 10:13:00', 3.8),
    (1, 'MOV_HEAD', '2023-10-12 10:13:00', 1.4),
    (1, 'MOV_HAND_RIGHT', '2023-10-12 10:13:00', 1.5),
    (1, 'MOV_HAND_LEFT', '2023-10-12 10:13:30', 1.4),
    (1, 'MOV_HEAD', '2023-10-12 10:13:30', 5.7),
    (1, 'MOV_HAND_RIGHT', '2023-10-12 10:13:30', 3.5),
    (1, 'MOV_HAND_LEFT', '2023-10-12 10:14:00', 4.2),
    (1, 'MOV_HEAD', '2023-10-12 10:14:00', 1.8),
    (1, 'MOV_HAND_RIGHT', '2023-10-12 10:14:00', 4.9),
    (1, 'MOV_HAND_LEFT', '2023-10-12 10:14:30', 3.2),
    (1, 'MOV_HEAD', '2023-10-12 10:14:30', 2.2),
    (1, 'MOV_HAND_RIGHT', '2023-10-12 10:14:30', 3.6),
    (1, 'MOV_HAND_LEFT', '2023-10-12 10:15:00', 3.7),
    (1, 'MOV_HEAD', '2023-10-12 10:15:00', 3.6),
    (1, 'MOV_HAND_RIGHT', '2023-10-12 10:15:00', 4.7),
    (1, 'MOV_HAND_LEFT', '2023-10-12 10:15:30', 4.3),
    (1, 'MOV_HEAD', '2023-10-12 10:15:30', 3.3),
    (1, 'MOV_HAND_RIGHT', '2023-10-12 10:15:30', 5.1),
    (1, 'MOV_HAND_LEFT', '2023-10-12 10:16:00', 3.8),
    (1, 'MOV_HEAD', '2023-10-12 10:16:00', 3.1),
    (1, 'MOV_HAND_RIGHT', '2023-10-12 10:16:00', 2.7),
    (1, 'MOV_HAND_LEFT', '2023-10-12 10:16:30', 2.3),
    (1, 'MOV_HEAD', '2023-10-12 10:16:30', 2.0),
    (1, 'MOV_HAND_RIGHT', '2023-10-12 10:16:30', 1.3),
    (1, 'MOV_HAND_LEFT', '2023-10-12 10:17:00', 2.1),
    (1, 'MOV_HEAD', '2023-10-12 10:17:00', 3.3),
    (1, 'MOV_HAND_RIGHT', '2023-10-12 10:17:00', 5.3),
    (1, 'MOV_HAND_LEFT', '2023-10-12 10:17:30', 1.9),
    (1, 'MOV_HEAD', '2023-10-12 10:17:30', 1.2),
    (1, 'MOV_HAND_RIGHT', '2023-10-12 10:17:30', 1.6),
    (1, 'MOV_HAND_LEFT', '2023-10-12 10:18:00', 4.0),
    (1, 'MOV_HEAD', '2023-10-12 10:18:00', 5.2),
    (1, 'MOV_HAND_RIGHT', '2023-10-12 10:18:00', 1.1),
    (1, 'MOV_HAND_LEFT', '2023-10-12 10:18:30', 2.4),
    (1, 'MOV_HEAD', '2023-10-12 10:18:30', 5.6),
    (1, 'MOV_HAND_RIGHT', '2023-10-12 10:18:30', 3.9),
    (1, 'MOV_HAND_LEFT', '2023-10-12 10:19:00', 2.0),
    (1, 'MOV_HEAD', '2023-10-12 10:19:00', 4.1),
    (1, 'MOV_HAND_RIGHT', '2023-10-12 10:19:00', 3.4),
    (1, 'MOV_HAND_LEFT', '2023-10-12 10:19:30', 2.9),
    (1, 'MOV_HEAD', '2023-10-12 10:19:30', 2.2),
    (1, 'MOV_HAND_RIGHT', '2023-10-12 10:19:30', 1.2),
    (1, 'MOV_HAND_LEFT', '2023-10-12 10:20:00', 6.0),
    (1, 'MOV_HEAD', '2023-10-12 10:20:00', 4.4),
    (1, 'MOV_HAND_RIGHT', '2023-10-12 10:20:00', 5.0);

INSERT INTO Stats (id_session, nombre, momento, valor) VALUES
    (2, 'MOV_HAND_LEFT', '2023-10-12 10:10:00', 2.0),
    (2, 'MOV_HEAD', '2023-10-12 10:10:00', 5.6),
    (2, 'MOV_HAND_RIGHT', '2023-10-12 10:10:00', 3.0),
    (2, 'MOV_HAND_LEFT', '2023-10-12 10:10:30', 2.5),
    (2, 'MOV_HEAD', '2023-10-12 10:10:30', 3.6),
    (2, 'MOV_HAND_RIGHT', '2023-10-12 10:10:30', 3.3),
    (2, 'MOV_HAND_LEFT', '2023-10-12 10:11:00', 4.0),
    (2, 'MOV_HEAD', '2023-10-12 10:11:00', 5.2),
    (2, 'MOV_HAND_RIGHT', '2023-10-12 10:11:00', 3.1),
    (2, 'MOV_HAND_LEFT', '2023-10-12 10:11:30', 2.7),
    (2, 'MOV_HEAD', '2023-10-12 10:11:30', 2.2),
    (2, 'MOV_HAND_RIGHT', '2023-10-12 10:11:30', 4.9),
    (2, 'MOV_HAND_LEFT', '2023-10-12 10:12:00', 1.8),
    (2, 'MOV_HEAD', '2023-10-12 10:12:00', 4.7),
    (2, 'MOV_HAND_RIGHT', '2023-10-12 10:12:00', 2.5),
    (2, 'MOV_HAND_LEFT', '2023-10-12 10:12:30', 2.6),
    (2, 'MOV_HEAD', '2023-10-12 10:12:30', 1.3),
    (2, 'MOV_HAND_RIGHT', '2023-10-12 10:12:30', 3.5),
    (2, 'MOV_HAND_LEFT', '2023-10-12 10:13:00', 4.6),
    (2, 'MOV_HEAD', '2023-10-12 10:13:00', 1.7),
    (2, 'MOV_HAND_RIGHT', '2023-10-12 10:13:00', 3.4),
    (2, 'MOV_HAND_LEFT', '2023-10-12 10:13:30', 5.8),
    (2, 'MOV_HEAD', '2023-10-12 10:13:30', 2.2),
    (2, 'MOV_HAND_RIGHT', '2023-10-12 10:13:30', 4.3),
    (2, 'MOV_HAND_LEFT', '2023-10-12 10:14:00', 3.7),
    (2, 'MOV_HEAD', '2023-10-12 10:14:00', 3.0),
    (2, 'MOV_HAND_RIGHT', '2023-10-12 10:14:00', 2.4),
    (2, 'MOV_HAND_LEFT', '2023-10-12 10:14:30', 5.4),
    (2, 'MOV_HEAD', '2023-10-12 10:14:30', 6.0),
    (2, 'MOV_HAND_RIGHT', '2023-10-12 10:14:30', 4.7),
    (2, 'MOV_HAND_LEFT', '2023-10-12 10:15:00', 2.2),
    (2, 'MOV_HEAD', '2023-10-12 10:15:00', 4.2),
    (2, 'MOV_HAND_RIGHT', '2023-10-12 10:15:00', 3.7),
    (2, 'MOV_HAND_LEFT', '2023-10-12 10:15:30', 3.6),
    (2, 'MOV_HEAD', '2023-10-12 10:15:30', 2.7),
    (2, 'MOV_HAND_RIGHT', '2023-10-12 10:15:30', 3.7),
    (2, 'MOV_HAND_LEFT', '2023-10-12 10:16:00', 4.3),
    (2, 'MOV_HEAD', '2023-10-12 10:16:00', 4.1),
    (2, 'MOV_HAND_RIGHT', '2023-10-12 10:16:00', 3.3),
    (2, 'MOV_HAND_LEFT', '2023-10-12 10:16:30', 5.2),
    (2, 'MOV_HEAD', '2023-10-12 10:16:30', 1.0),
    (2, 'MOV_HAND_RIGHT', '2023-10-12 10:16:30', 3.0),
    (2, 'MOV_HAND_LEFT', '2023-10-12 10:17:00', 2.5),
    (2, 'MOV_HEAD', '2023-10-12 10:17:00', 5.5),
    (2, 'MOV_HAND_RIGHT', '2023-10-12 10:17:00', 5.4),
    (2, 'MOV_HAND_LEFT', '2023-10-12 10:17:30', 5.8),
    (2, 'MOV_HEAD', '2023-10-12 10:17:30', 3.3),
    (2, 'MOV_HAND_RIGHT', '2023-10-12 10:17:30', 1.4),
    (2, 'MOV_HAND_LEFT', '2023-10-12 10:18:00', 3.4),
    (2, 'MOV_HEAD', '2023-10-12 10:18:00', 3.4),
    (2, 'MOV_HAND_RIGHT', '2023-10-12 10:18:00', 2.6),
    (2, 'MOV_HAND_LEFT', '2023-10-12 10:18:30', 3.3),
    (2, 'MOV_HEAD', '2023-10-12 10:18:30', 2.8),
    (2, 'MOV_HAND_RIGHT', '2023-10-12 10:18:30', 5.1),
    (2, 'MOV_HAND_LEFT', '2023-10-12 10:19:00', 5.4),
    (2, 'MOV_HEAD', '2023-10-12 10:19:00', 6.0),
    (2, 'MOV_HAND_RIGHT', '2023-10-12 10:19:00', 1.7),
    (2, 'MOV_HAND_LEFT', '2023-10-12 10:19:30', 3.1),
    (2, 'MOV_HEAD', '2023-10-12 10:19:30', 4.7),
    (2, 'MOV_HAND_RIGHT', '2023-10-12 10:19:30', 5.3),
    (2, 'MOV_HAND_LEFT', '2023-10-12 10:20:00', 4.8),
    (2, 'MOV_HEAD', '2023-10-12 10:20:00', 3.1),
    (2, 'MOV_HAND_RIGHT', '2023-10-12 10:20:00', 2.4),
    (2, 'MOV_HAND_LEFT', '2023-10-12 10:20:30', 5.1),
    (2, 'MOV_HEAD', '2023-10-12 10:20:30', 3.9),
    (2, 'MOV_HAND_RIGHT', '2023-10-12 10:20:30', 5.4),
    (2, 'MOV_HAND_LEFT', '2023-10-12 10:21:00', 3.5),
    (2, 'MOV_HEAD', '2023-10-12 10:21:00', 2.5),
    (2, 'MOV_HAND_RIGHT', '2023-10-12 10:21:00', 3.1),
    (2, 'MOV_HAND_LEFT', '2023-10-12 10:21:30', 1.1),
    (2, 'MOV_HEAD', '2023-10-12 10:21:30', 5.4),
    (2, 'MOV_HAND_RIGHT', '2023-10-12 10:21:30', 3.9),
    (2, 'MOV_HAND_LEFT', '2023-10-12 10:22:00', 5.1),
    (2, 'MOV_HEAD', '2023-10-12 10:22:00', 4.5),
    (2, 'MOV_HAND_RIGHT', '2023-10-12 10:22:00', 1.3),
    (2, 'MOV_HAND_LEFT', '2023-10-12 10:22:30', 5.4),
    (2, 'MOV_HEAD', '2023-10-12 10:22:30', 2.1),
    (2, 'MOV_HAND_RIGHT', '2023-10-12 10:22:30', 5.7),
    (2, 'MOV_HAND_LEFT', '2023-10-12 10:23:00', 1.9),
    (2, 'MOV_HEAD', '2023-10-12 10:23:00', 3.0),
    (2, 'MOV_HAND_RIGHT', '2023-10-12 10:23:00', 4.4),
    (2, 'MOV_HAND_LEFT', '2023-10-12 10:23:30', 4.0),
    (2, 'MOV_HEAD', '2023-10-12 10:23:30', 6.0),
    (2, 'MOV_HAND_RIGHT', '2023-10-12 10:23:30', 4.0),
    (2, 'MOV_HAND_LEFT', '2023-10-12 10:24:00', 3.4),
    (2, 'MOV_HEAD', '2023-10-12 10:24:00', 1.1),
    (2, 'MOV_HAND_RIGHT', '2023-10-12 10:24:00', 4.3),
    (2, 'MOV_HAND_LEFT', '2023-10-12 10:24:30', 1.1),
    (2, 'MOV_HEAD', '2023-10-12 10:24:30', 5.1),
    (2, 'MOV_HAND_RIGHT', '2023-10-12 10:24:30', 5.3),
    (2, 'MOV_HAND_LEFT', '2023-10-12 10:25:00', 1.3),
    (2, 'MOV_HEAD', '2023-10-12 10:25:00', 4.6),
    (2, 'MOV_HAND_RIGHT', '2023-10-12 10:25:00', 2.4),
    (2, 'MOV_HAND_LEFT', '2023-10-12 10:25:30', 1.9),
    (2, 'MOV_HEAD', '2023-10-12 10:25:30', 4.1),
    (2, 'MOV_HAND_RIGHT', '2023-10-12 10:25:30', 5.1),
    (2, 'MOV_HAND_LEFT', '2023-10-12 10:26:00', 5.1),
    (2, 'MOV_HEAD', '2023-10-12 10:26:00', 4.0),
    (2, 'MOV_HAND_RIGHT', '2023-10-12 10:26:00', 2.8),
    (2, 'MOV_HAND_LEFT', '2023-10-12 10:26:30', 5.0),
    (2, 'MOV_HEAD', '2023-10-12 10:26:30', 3.4),
    (2, 'MOV_HAND_RIGHT', '2023-10-12 10:26:30', 4.8),
    (2, 'MOV_HAND_LEFT', '2023-10-12 10:27:00', 4.0),
    (2, 'MOV_HEAD', '2023-10-12 10:27:00', 1.3),
    (2, 'MOV_HAND_RIGHT', '2023-10-12 10:27:00', 3.6),
    (2, 'MOV_HAND_LEFT', '2023-10-12 10:27:30', 2.9),
    (2, 'MOV_HEAD', '2023-10-12 10:27:30', 2.6),
    (2, 'MOV_HAND_RIGHT', '2023-10-12 10:27:30', 3.5),
    (2, 'MOV_HAND_LEFT', '2023-10-12 10:28:00', 3.1),
    (2, 'MOV_HEAD', '2023-10-12 10:28:00', 3.4),
    (2, 'MOV_HAND_RIGHT', '2023-10-12 10:28:00', 2.0),
    (2, 'MOV_HAND_LEFT', '2023-10-12 10:28:30', 2.0),
    (2, 'MOV_HEAD', '2023-10-12 10:28:30', 5.0),
    (2, 'MOV_HAND_RIGHT', '2023-10-12 10:28:30', 4.6),
    (2, 'MOV_HAND_LEFT', '2023-10-12 10:29:00', 5.3),
    (2, 'MOV_HEAD', '2023-10-12 10:29:00', 4.0),
    (2, 'MOV_HAND_RIGHT', '2023-10-12 10:29:00', 3.7),
    (2, 'MOV_HAND_LEFT', '2023-10-12 10:29:30', 3.0),
    (2, 'MOV_HEAD', '2023-10-12 10:29:30', 1.0),
    (2, 'MOV_HAND_RIGHT', '2023-10-12 10:29:30', 2.0),
    (2, 'MOV_HAND_LEFT', '2023-10-12 10:30:00', 5.6),
    (2, 'MOV_HEAD', '2023-10-12 10:30:00', 1.8),
    (2, 'MOV_HAND_RIGHT', '2023-10-12 10:30:00', 5.3);

INSERT INTO Stats (id_session, nombre, momento, valor) VALUES
    (3, 'MOV_HAND_LEFT', '2023-10-12 10:40:00', 3.3),
    (3, 'MOV_HEAD', '2023-10-12 10:40:00', 2.0),
    (3, 'MOV_HAND_RIGHT', '2023-10-12 10:40:00', 5.3),
    (3, 'MOV_HAND_LEFT', '2023-10-12 10:40:30', 3.5),
    (3, 'MOV_HEAD', '2023-10-12 10:40:30', 5.2),
    (3, 'MOV_HAND_RIGHT', '2023-10-12 10:40:30', 5.4),
    (3, 'MOV_HAND_LEFT', '2023-10-12 10:41:00', 1.5),
    (3, 'MOV_HEAD', '2023-10-12 10:41:00', 5.3),
    (3, 'MOV_HAND_RIGHT', '2023-10-12 10:41:00', 2.0),
    (3, 'MOV_HAND_LEFT', '2023-10-12 10:41:30', 2.5),
    (3, 'MOV_HEAD', '2023-10-12 10:41:30', 5.3),
    (3, 'MOV_HAND_RIGHT', '2023-10-12 10:41:30', 1.7),
    (3, 'MOV_HAND_LEFT', '2023-10-12 10:42:00', 5.5),
    (3, 'MOV_HEAD', '2023-10-12 10:42:00', 3.4),
    (3, 'MOV_HAND_RIGHT', '2023-10-12 10:42:00', 1.7),
    (3, 'MOV_HAND_LEFT', '2023-10-12 10:42:30', 3.1),
    (3, 'MOV_HEAD', '2023-10-12 10:42:30', 5.1),
    (3, 'MOV_HAND_RIGHT', '2023-10-12 10:42:30', 1.5),
    (3, 'MOV_HAND_LEFT', '2023-10-12 10:43:00', 5.5),
    (3, 'MOV_HEAD', '2023-10-12 10:43:00', 3.7),
    (3, 'MOV_HAND_RIGHT', '2023-10-12 10:43:00', 2.6),
    (3, 'MOV_HAND_LEFT', '2023-10-12 10:43:30', 1.6),
    (3, 'MOV_HEAD', '2023-10-12 10:43:30', 5.4),
    (3, 'MOV_HAND_RIGHT', '2023-10-12 10:43:30', 5.8),
    (3, 'MOV_HAND_LEFT', '2023-10-12 10:44:00', 5.8),
    (3, 'MOV_HEAD', '2023-10-12 10:44:00', 2.9),
    (3, 'MOV_HAND_RIGHT', '2023-10-12 10:44:00', 2.0),
    (3, 'MOV_HAND_LEFT', '2023-10-12 10:44:30', 4.8),
    (3, 'MOV_HEAD', '2023-10-12 10:44:30', 3.2),
    (3, 'MOV_HAND_RIGHT', '2023-10-12 10:44:30', 3.2),
    (3, 'MOV_HAND_LEFT', '2023-10-12 10:45:00', 4.3),
    (3, 'MOV_HEAD', '2023-10-12 10:45:00', 3.5),
    (3, 'MOV_HAND_RIGHT', '2023-10-12 10:45:00', 3.0),
    (3, 'MOV_HAND_LEFT', '2023-10-12 10:45:30', 5.1),
    (3, 'MOV_HEAD', '2023-10-12 10:45:30', 2.3),
    (3, 'MOV_HAND_RIGHT', '2023-10-12 10:45:30', 1.9),
    (3, 'MOV_HAND_LEFT', '2023-10-12 10:46:00', 1.1),
    (3, 'MOV_HEAD', '2023-10-12 10:46:00', 5.9),
    (3, 'MOV_HAND_RIGHT', '2023-10-12 10:46:00', 5.9),
    (3, 'MOV_HAND_LEFT', '2023-10-12 10:46:30', 2.2),
    (3, 'MOV_HEAD', '2023-10-12 10:46:30', 5.1),
    (3, 'MOV_HAND_RIGHT', '2023-10-12 10:46:30', 4.0),
    (3, 'MOV_HAND_LEFT', '2023-10-12 10:47:00', 3.4),
    (3, 'MOV_HEAD', '2023-10-12 10:47:00', 3.7),
    (3, 'MOV_HAND_RIGHT', '2023-10-12 10:47:00', 2.8),
    (3, 'MOV_HAND_LEFT', '2023-10-12 10:47:30', 5.0),
    (3, 'MOV_HEAD', '2023-10-12 10:47:30', 5.6),
    (3, 'MOV_HAND_RIGHT', '2023-10-12 10:47:30', 5.3),
    (3, 'MOV_HAND_LEFT', '2023-10-12 10:48:00', 1.9),
    (3, 'MOV_HEAD', '2023-10-12 10:48:00', 1.4),
    (3, 'MOV_HAND_RIGHT', '2023-10-12 10:48:00', 5.7),
    (3, 'MOV_HAND_LEFT', '2023-10-12 10:48:30', 1.2),
    (3, 'MOV_HEAD', '2023-10-12 10:48:30', 4.7),
    (3, 'MOV_HAND_RIGHT', '2023-10-12 10:48:30', 5.4),
    (3, 'MOV_HAND_LEFT', '2023-10-12 10:49:00', 4.6),
    (3, 'MOV_HEAD', '2023-10-12 10:49:00', 5.2),
    (3, 'MOV_HAND_RIGHT', '2023-10-12 10:49:00', 1.3),
    (3, 'MOV_HAND_LEFT', '2023-10-12 10:49:30', 4.5),
    (3, 'MOV_HEAD', '2023-10-12 10:49:30', 3.1),
    (3, 'MOV_HAND_RIGHT', '2023-10-12 10:49:30', 3.8),
    (3, 'MOV_HAND_LEFT', '2023-10-12 10:50:00', 4.9),
    (3, 'MOV_HEAD', '2023-10-12 10:50:00', 2.9),
    (3, 'MOV_HAND_RIGHT', '2023-10-12 10:50:00', 5.4),
    (3, 'MOV_HAND_LEFT', '2023-10-12 10:50:30', 5.1),
    (3, 'MOV_HEAD', '2023-10-12 10:50:30', 3.8),
    (3, 'MOV_HAND_RIGHT', '2023-10-12 10:50:30', 3.0),
    (3, 'MOV_HAND_LEFT', '2023-10-12 10:51:00', 3.5),
    (3, 'MOV_HEAD', '2023-10-12 10:51:00', 5.3),
    (3, 'MOV_HAND_RIGHT', '2023-10-12 10:51:00', 1.7),
    (3, 'MOV_HAND_LEFT', '2023-10-12 10:51:30', 4.1),
    (3, 'MOV_HEAD', '2023-10-12 10:51:30', 2.3),
    (3, 'MOV_HAND_RIGHT', '2023-10-12 10:51:30', 1.0),
    (3, 'MOV_HAND_LEFT', '2023-10-12 10:52:00', 4.7),
    (3, 'MOV_HEAD', '2023-10-12 10:52:00', 3.7),
    (3, 'MOV_HAND_RIGHT', '2023-10-12 10:52:00', 4.7),
    (3, 'MOV_HAND_LEFT', '2023-10-12 10:52:30', 1.3),
    (3, 'MOV_HEAD', '2023-10-12 10:52:30', 5.2),
    (3, 'MOV_HAND_RIGHT', '2023-10-12 10:52:30', 1.7),
    (3, 'MOV_HAND_LEFT', '2023-10-12 10:53:00', 3.8),
    (3, 'MOV_HEAD', '2023-10-12 10:53:00', 3.4),
    (3, 'MOV_HAND_RIGHT', '2023-10-12 10:53:00', 3.6),
    (3, 'MOV_HAND_LEFT', '2023-10-12 10:53:30', 1.3),
    (3, 'MOV_HEAD', '2023-10-12 10:53:30', 3.5),
    (3, 'MOV_HAND_RIGHT', '2023-10-12 10:53:30', 2.5),
    (3, 'MOV_HAND_LEFT', '2023-10-12 10:54:00', 4.4),
    (3, 'MOV_HEAD', '2023-10-12 10:54:00', 3.5),
    (3, 'MOV_HAND_RIGHT', '2023-10-12 10:54:00', 3.0),
    (3, 'MOV_HAND_LEFT', '2023-10-12 10:54:30', 4.6),
    (3, 'MOV_HEAD', '2023-10-12 10:54:30', 5.0),
    (3, 'MOV_HAND_RIGHT', '2023-10-12 10:54:30', 2.1),
    (3, 'MOV_HAND_LEFT', '2023-10-12 10:55:00', 4.2),
    (3, 'MOV_HEAD', '2023-10-12 10:55:00', 3.2),
    (3, 'MOV_HAND_RIGHT', '2023-10-12 10:55:00', 4.4),
    (3, 'MOV_HAND_LEFT', '2023-10-12 10:55:30', 1.7),
    (3, 'MOV_HEAD', '2023-10-12 10:55:30', 5.3),
    (3, 'MOV_HAND_RIGHT', '2023-10-12 10:55:30', 2.6),
    (3, 'MOV_HAND_LEFT', '2023-10-12 10:56:00', 5.4),
    (3, 'MOV_HEAD', '2023-10-12 10:56:00', 4.4),
    (3, 'MOV_HAND_RIGHT', '2023-10-12 10:56:00', 3.4),
    (3, 'MOV_HAND_LEFT', '2023-10-12 10:56:30', 4.5),
    (3, 'MOV_HEAD', '2023-10-12 10:56:30', 2.6),
    (3, 'MOV_HAND_RIGHT', '2023-10-12 10:56:30', 2.4),
    (3, 'MOV_HAND_LEFT', '2023-10-12 10:57:00', 4.9),
    (3, 'MOV_HEAD', '2023-10-12 10:57:00', 4.3),
    (3, 'MOV_HAND_RIGHT', '2023-10-12 10:57:00', 1.7),
    (3, 'MOV_HAND_LEFT', '2023-10-12 10:57:30', 2.5),
    (3, 'MOV_HEAD', '2023-10-12 10:57:30', 2.4),
    (3, 'MOV_HAND_RIGHT', '2023-10-12 10:57:30', 1.1),
    (3, 'MOV_HAND_LEFT', '2023-10-12 10:58:00', 5.3),
    (3, 'MOV_HEAD', '2023-10-12 10:58:00', 4.7),
    (3, 'MOV_HAND_RIGHT', '2023-10-12 10:58:00', 5.5),
    (3, 'MOV_HAND_LEFT', '2023-10-12 10:58:30', 5.6),
    (3, 'MOV_HEAD', '2023-10-12 10:58:30', 2.5),
    (3, 'MOV_HAND_RIGHT', '2023-10-12 10:58:30', 5.7),
    (3, 'MOV_HAND_LEFT', '2023-10-12 10:59:00', 5.1),
    (3, 'MOV_HEAD', '2023-10-12 10:59:00', 4.7),
    (3, 'MOV_HAND_RIGHT', '2023-10-12 10:59:00', 1.4),
    (3, 'MOV_HAND_LEFT', '2023-10-12 10:59:30', 5.4),
    (3, 'MOV_HEAD', '2023-10-12 10:59:30', 5.0),
    (3, 'MOV_HAND_RIGHT', '2023-10-12 10:59:30', 5.4),
    (3, 'MOV_HAND_LEFT', '2023-10-12 11:00:00', 4.8),
    (3, 'MOV_HEAD', '2023-10-12 11:00:00', 4.2),
    (3, 'MOV_HAND_RIGHT', '2023-10-12 11:00:00', 5.7),
    (3, 'MOV_HAND_LEFT', '2023-10-12 11:00:30', 3.5),
    (3, 'MOV_HEAD', '2023-10-12 11:00:30', 4.7),
    (3, 'MOV_HAND_RIGHT', '2023-10-12 11:00:30', 2.6),
    (3, 'MOV_HAND_LEFT', '2023-10-12 11:01:00', 4.8),
    (3, 'MOV_HEAD', '2023-10-12 11:01:00', 2.4),
    (3, 'MOV_HAND_RIGHT', '2023-10-12 11:01:00', 2.5),
    (3, 'MOV_HAND_LEFT', '2023-10-12 11:01:30', 3.9),
    (3, 'MOV_HEAD', '2023-10-12 11:01:30', 1.3),
    (3, 'MOV_HAND_RIGHT', '2023-10-12 11:01:30', 2.6),
    (3, 'MOV_HAND_LEFT', '2023-10-12 11:02:00', 2.6),
    (3, 'MOV_HEAD', '2023-10-12 11:02:00', 1.7),
    (3, 'MOV_HAND_RIGHT', '2023-10-12 11:02:00', 3.6),
    (3, 'MOV_HAND_LEFT', '2023-10-12 11:02:30', 4.5),
    (3, 'MOV_HEAD', '2023-10-12 11:02:30', 3.2),
    (3, 'MOV_HAND_RIGHT', '2023-10-12 11:02:30', 3.3),
    (3, 'MOV_HAND_LEFT', '2023-10-12 11:03:00', 2.6),
    (3, 'MOV_HEAD', '2023-10-12 11:03:00', 5.8),
    (3, 'MOV_HAND_RIGHT', '2023-10-12 11:03:00', 5.8),
    (3, 'MOV_HAND_LEFT', '2023-10-12 11:03:30', 2.0),
    (3, 'MOV_HEAD', '2023-10-12 11:03:30', 3.5),
    (3, 'MOV_HAND_RIGHT', '2023-10-12 11:03:30', 1.9),
    (3, 'MOV_HAND_LEFT', '2023-10-12 11:04:00', 3.3),
    (3, 'MOV_HEAD', '2023-10-12 11:04:00', 1.2),
    (3, 'MOV_HAND_RIGHT', '2023-10-12 11:04:00', 4.1),
    (3, 'MOV_HAND_LEFT', '2023-10-12 11:04:30', 3.7),
    (3, 'MOV_HEAD', '2023-10-12 11:04:30', 2.2),
    (3, 'MOV_HAND_RIGHT', '2023-10-12 11:04:30', 1.9),
    (3, 'MOV_HAND_LEFT', '2023-10-12 11:05:00', 5.7),
    (3, 'MOV_HEAD', '2023-10-12 11:05:00', 1.9),
    (3, 'MOV_HAND_RIGHT', '2023-10-12 11:05:00', 3.2),
    (3, 'MOV_HAND_LEFT', '2023-10-12 11:05:30', 3.6),
    (3, 'MOV_HEAD', '2023-10-12 11:05:30', 1.4),
    (3, 'MOV_HAND_RIGHT', '2023-10-12 11:05:30', 5.9),
    (3, 'MOV_HAND_LEFT', '2023-10-12 11:06:00', 3.7),
    (3, 'MOV_HEAD', '2023-10-12 11:06:00', 5.3),
    (3, 'MOV_HAND_RIGHT', '2023-10-12 11:06:00', 3.4),
    (3, 'MOV_HAND_LEFT', '2023-10-12 11:06:30', 3.7),
    (3, 'MOV_HEAD', '2023-10-12 11:06:30', 5.7),
    (3, 'MOV_HAND_RIGHT', '2023-10-12 11:06:30', 2.4),
    (3, 'MOV_HAND_LEFT', '2023-10-12 11:07:00', 4.9),
    (3, 'MOV_HEAD', '2023-10-12 11:07:00', 4.6),
    (3, 'MOV_HAND_RIGHT', '2023-10-12 11:07:00', 6.0),
    (3, 'MOV_HAND_LEFT', '2023-10-12 11:07:30', 3.6),
    (3, 'MOV_HEAD', '2023-10-12 11:07:30', 5.9),
    (3, 'MOV_HAND_RIGHT', '2023-10-12 11:07:30', 3.9),
    (3, 'MOV_HAND_LEFT', '2023-10-12 11:08:00', 1.4),
    (3, 'MOV_HEAD', '2023-10-12 11:08:00', 5.6),
    (3, 'MOV_HAND_RIGHT', '2023-10-12 11:08:00', 3.6),
    (3, 'MOV_HAND_LEFT', '2023-10-12 11:08:30', 1.2),
    (3, 'MOV_HEAD', '2023-10-12 11:08:30', 2.6),
    (3, 'MOV_HAND_RIGHT', '2023-10-12 11:08:30', 2.7),
    (3, 'MOV_HAND_LEFT', '2023-10-12 11:09:00', 5.5),
    (3, 'MOV_HEAD', '2023-10-12 11:09:00', 3.6),
    (3, 'MOV_HAND_RIGHT', '2023-10-12 11:09:00', 2.3),
    (3, 'MOV_HAND_LEFT', '2023-10-12 11:09:30', 4.5),
    (3, 'MOV_HEAD', '2023-10-12 11:09:30', 5.6),
    (3, 'MOV_HAND_RIGHT', '2023-10-12 11:09:30', 3.6),
    (3, 'MOV_HAND_LEFT', '2023-10-12 11:10:00', 1.2),
    (3, 'MOV_HEAD', '2023-10-12 11:10:00', 4.2),
    (3, 'MOV_HAND_RIGHT', '2023-10-12 11:10:00', 5.9);

INSERT INTO Stats (id_session, nombre, momento, valor) VALUES
    (4, 'MOV_HAND_LEFT', '2023-10-20 10:20:00', 1.8),
    (4, 'MOV_HEAD', '2023-10-20 10:20:00', 3.8),
    (4, 'MOV_HAND_RIGHT', '2023-10-20 10:20:00', 3.0),
    (4, 'MOV_HAND_LEFT', '2023-10-20 10:20:30', 4.7),
    (4, 'MOV_HEAD', '2023-10-20 10:20:30', 4.5),
    (4, 'MOV_HAND_RIGHT', '2023-10-20 10:20:30', 3.8),
    (4, 'MOV_HAND_LEFT', '2023-10-20 10:21:00', 4.4),
    (4, 'MOV_HEAD', '2023-10-20 10:21:00', 4.7),
    (4, 'MOV_HAND_RIGHT', '2023-10-20 10:21:00', 1.1),
    (4, 'MOV_HAND_LEFT', '2023-10-20 10:21:30', 1.7),
    (4, 'MOV_HEAD', '2023-10-20 10:21:30', 3.2),
    (4, 'MOV_HAND_RIGHT', '2023-10-20 10:21:30', 2.5),
    (4, 'MOV_HAND_LEFT', '2023-10-20 10:22:00', 3.6),
    (4, 'MOV_HEAD', '2023-10-20 10:22:00', 4.6),
    (4, 'MOV_HAND_RIGHT', '2023-10-20 10:22:00', 2.8),
    (4, 'MOV_HAND_LEFT', '2023-10-20 10:22:30', 3.1),
    (4, 'MOV_HEAD', '2023-10-20 10:22:30', 2.4),
    (4, 'MOV_HAND_RIGHT', '2023-10-20 10:22:30', 5.8),
    (4, 'MOV_HAND_LEFT', '2023-10-20 10:23:00', 2.1),
    (4, 'MOV_HEAD', '2023-10-20 10:23:00', 2.0),
    (4, 'MOV_HAND_RIGHT', '2023-10-20 10:23:00', 5.7),
    (4, 'MOV_HAND_LEFT', '2023-10-20 10:23:30', 5.5),
    (4, 'MOV_HEAD', '2023-10-20 10:23:30', 2.2),
    (4, 'MOV_HAND_RIGHT', '2023-10-20 10:23:30', 4.7),
    (4, 'MOV_HAND_LEFT', '2023-10-20 10:24:00', 1.8),
    (4, 'MOV_HEAD', '2023-10-20 10:24:00', 5.0),
    (4, 'MOV_HAND_RIGHT', '2023-10-20 10:24:00', 5.9),
    (4, 'MOV_HAND_LEFT', '2023-10-20 10:24:30', 5.0),
    (4, 'MOV_HEAD', '2023-10-20 10:24:30', 4.8),
    (4, 'MOV_HAND_RIGHT', '2023-10-20 10:24:30', 2.4),
    (4, 'MOV_HAND_LEFT', '2023-10-20 10:25:00', 1.1),
    (4, 'MOV_HEAD', '2023-10-20 10:25:00', 3.5),
    (4, 'MOV_HAND_RIGHT', '2023-10-20 10:25:00', 3.1),
    (4, 'MOV_HAND_LEFT', '2023-10-20 10:25:30', 1.8),
    (4, 'MOV_HEAD', '2023-10-20 10:25:30', 3.5),
    (4, 'MOV_HAND_RIGHT', '2023-10-20 10:25:30', 2.2),
    (4, 'MOV_HAND_LEFT', '2023-10-20 10:26:00', 2.9),
    (4, 'MOV_HEAD', '2023-10-20 10:26:00', 5.9),
    (4, 'MOV_HAND_RIGHT', '2023-10-20 10:26:00', 3.4),
    (4, 'MOV_HAND_LEFT', '2023-10-20 10:26:30', 3.7),
    (4, 'MOV_HEAD', '2023-10-20 10:26:30', 4.4),
    (4, 'MOV_HAND_RIGHT', '2023-10-20 10:26:30', 1.7),
    (4, 'MOV_HAND_LEFT', '2023-10-20 10:27:00', 3.5),
    (4, 'MOV_HEAD', '2023-10-20 10:27:00', 4.2),
    (4, 'MOV_HAND_RIGHT', '2023-10-20 10:27:00', 5.3),
    (4, 'MOV_HAND_LEFT', '2023-10-20 10:27:30', 3.2),
    (4, 'MOV_HEAD', '2023-10-20 10:27:30', 1.3),
    (4, 'MOV_HAND_RIGHT', '2023-10-20 10:27:30', 2.3),
    (4, 'MOV_HAND_LEFT', '2023-10-20 10:28:00', 2.9),
    (4, 'MOV_HEAD', '2023-10-20 10:28:00', 5.0),
    (4, 'MOV_HAND_RIGHT', '2023-10-20 10:28:00', 3.1),
    (4, 'MOV_HAND_LEFT', '2023-10-20 10:28:30', 5.3),
    (4, 'MOV_HEAD', '2023-10-20 10:28:30', 4.4),
    (4, 'MOV_HAND_RIGHT', '2023-10-20 10:28:30', 6.0),
    (4, 'MOV_HAND_LEFT', '2023-10-20 10:29:00', 2.4),
    (4, 'MOV_HEAD', '2023-10-20 10:29:00', 1.4),
    (4, 'MOV_HAND_RIGHT', '2023-10-20 10:29:00', 2.7),
    (4, 'MOV_HAND_LEFT', '2023-10-20 10:29:30', 2.1),
    (4, 'MOV_HEAD', '2023-10-20 10:29:30', 2.7),
    (4, 'MOV_HAND_RIGHT', '2023-10-20 10:29:30', 1.5),
    (4, 'MOV_HAND_LEFT', '2023-10-20 10:30:00', 4.5),
    (4, 'MOV_HEAD', '2023-10-20 10:30:00', 5.7),
    (4, 'MOV_HAND_RIGHT', '2023-10-20 10:30:00', 3.8),
    (4, 'MOV_HAND_LEFT', '2023-10-20 10:30:30', 4.3),
    (4, 'MOV_HEAD', '2023-10-20 10:30:30', 3.8),
    (4, 'MOV_HAND_RIGHT', '2023-10-20 10:30:30', 3.4),
    (4, 'MOV_HAND_LEFT', '2023-10-20 10:31:00', 4.5),
    (4, 'MOV_HEAD', '2023-10-20 10:31:00', 2.0),
    (4, 'MOV_HAND_RIGHT', '2023-10-20 10:31:00', 3.1),
    (4, 'MOV_HAND_LEFT', '2023-10-20 10:31:30', 4.8),
    (4, 'MOV_HEAD', '2023-10-20 10:31:30', 2.5),
    (4, 'MOV_HAND_RIGHT', '2023-10-20 10:31:30', 4.2),
    (4, 'MOV_HAND_LEFT', '2023-10-20 10:32:00', 3.3),
    (4, 'MOV_HEAD', '2023-10-20 10:32:00', 4.5),
    (4, 'MOV_HAND_RIGHT', '2023-10-20 10:32:00', 4.2),
    (4, 'MOV_HAND_LEFT', '2023-10-20 10:32:30', 4.2),
    (4, 'MOV_HEAD', '2023-10-20 10:32:30', 4.8),
    (4, 'MOV_HAND_RIGHT', '2023-10-20 10:32:30', 4.0),
    (4, 'MOV_HAND_LEFT', '2023-10-20 10:33:00', 3.0),
    (4, 'MOV_HEAD', '2023-10-20 10:33:00', 3.7),
    (4, 'MOV_HAND_RIGHT', '2023-10-20 10:33:00', 1.4),
    (4, 'MOV_HAND_LEFT', '2023-10-20 10:33:30', 1.5),
    (4, 'MOV_HEAD', '2023-10-20 10:33:30', 5.3),
    (4, 'MOV_HAND_RIGHT', '2023-10-20 10:33:30', 1.8),
    (4, 'MOV_HAND_LEFT', '2023-10-20 10:34:00', 4.5),
    (4, 'MOV_HEAD', '2023-10-20 10:34:00', 5.2),
    (4, 'MOV_HAND_RIGHT', '2023-10-20 10:34:00', 2.2),
    (4, 'MOV_HAND_LEFT', '2023-10-20 10:34:30', 4.1),
    (4, 'MOV_HEAD', '2023-10-20 10:34:30', 2.6),
    (4, 'MOV_HAND_RIGHT', '2023-10-20 10:34:30', 3.9),
    (4, 'MOV_HAND_LEFT', '2023-10-20 10:35:00', 5.1),
    (4, 'MOV_HEAD', '2023-10-20 10:35:00', 1.6),
    (4, 'MOV_HAND_RIGHT', '2023-10-20 10:35:00', 2.4),
    (4, 'MOV_HAND_LEFT', '2023-10-20 10:35:30', 5.7),
    (4, 'MOV_HEAD', '2023-10-20 10:35:30', 5.2),
    (4, 'MOV_HAND_RIGHT', '2023-10-20 10:35:30', 4.1),
    (4, 'MOV_HAND_LEFT', '2023-10-20 10:36:00', 1.3),
    (4, 'MOV_HEAD', '2023-10-20 10:36:00', 4.6),
    (4, 'MOV_HAND_RIGHT', '2023-10-20 10:36:00', 4.4),
    (4, 'MOV_HAND_LEFT', '2023-10-20 10:36:30', 5.0),
    (4, 'MOV_HEAD', '2023-10-20 10:36:30', 4.2),
    (4, 'MOV_HAND_RIGHT', '2023-10-20 10:36:30', 2.9),
    (4, 'MOV_HAND_LEFT', '2023-10-20 10:37:00', 3.5),
    (4, 'MOV_HEAD', '2023-10-20 10:37:00', 4.1),
    (4, 'MOV_HAND_RIGHT', '2023-10-20 10:37:00', 4.7),
    (4, 'MOV_HAND_LEFT', '2023-10-20 10:37:30', 4.3),
    (4, 'MOV_HEAD', '2023-10-20 10:37:30', 3.5),
    (4, 'MOV_HAND_RIGHT', '2023-10-20 10:37:30', 4.7),
    (4, 'MOV_HAND_LEFT', '2023-10-20 10:38:00', 4.0),
    (4, 'MOV_HEAD', '2023-10-20 10:38:00', 1.7),
    (4, 'MOV_HAND_RIGHT', '2023-10-20 10:38:00', 3.5),
    (4, 'MOV_HAND_LEFT', '2023-10-20 10:38:30', 4.6),
    (4, 'MOV_HEAD', '2023-10-20 10:38:30', 5.2),
    (4, 'MOV_HAND_RIGHT', '2023-10-20 10:38:30', 4.4),
    (4, 'MOV_HAND_LEFT', '2023-10-20 10:39:00', 4.4),
    (4, 'MOV_HEAD', '2023-10-20 10:39:00', 1.6),
    (4, 'MOV_HAND_RIGHT', '2023-10-20 10:39:00', 4.3),
    (4, 'MOV_HAND_LEFT', '2023-10-20 10:39:30', 4.3),
    (4, 'MOV_HEAD', '2023-10-20 10:39:30', 2.8),
    (4, 'MOV_HAND_RIGHT', '2023-10-20 10:39:30', 1.2),
    (4, 'MOV_HAND_LEFT', '2023-10-20 10:40:00', 4.9),
    (4, 'MOV_HEAD', '2023-10-20 10:40:00', 5.6),
    (4, 'MOV_HAND_RIGHT', '2023-10-20 10:40:00', 1.7),
    (4, 'MOV_HAND_LEFT', '2023-10-20 10:40:30', 2.8),
    (4, 'MOV_HEAD', '2023-10-20 10:40:30', 5.4),
    (4, 'MOV_HAND_RIGHT', '2023-10-20 10:40:30', 4.1),
    (4, 'MOV_HAND_LEFT', '2023-10-20 10:41:00', 1.3),
    (4, 'MOV_HEAD', '2023-10-20 10:41:00', 2.5),
    (4, 'MOV_HAND_RIGHT', '2023-10-20 10:41:00', 2.8),
    (4, 'MOV_HAND_LEFT', '2023-10-20 10:41:30', 5.3),
    (4, 'MOV_HEAD', '2023-10-20 10:41:30', 3.0),
    (4, 'MOV_HAND_RIGHT', '2023-10-20 10:41:30', 4.1),
    (4, 'MOV_HAND_LEFT', '2023-10-20 10:42:00', 2.4),
    (4, 'MOV_HEAD', '2023-10-20 10:42:00', 2.0),
    (4, 'MOV_HAND_RIGHT', '2023-10-20 10:42:00', 5.3),
    (4, 'MOV_HAND_LEFT', '2023-10-20 10:42:30', 3.8),
    (4, 'MOV_HEAD', '2023-10-20 10:42:30', 4.2),
    (4, 'MOV_HAND_RIGHT', '2023-10-20 10:42:30', 5.6),
    (4, 'MOV_HAND_LEFT', '2023-10-20 10:43:00', 5.8),
    (4, 'MOV_HEAD', '2023-10-20 10:43:00', 3.2),
    (4, 'MOV_HAND_RIGHT', '2023-10-20 10:43:00', 1.4),
    (4, 'MOV_HAND_LEFT', '2023-10-20 10:43:30', 1.3),
    (4, 'MOV_HEAD', '2023-10-20 10:43:30', 5.5),
    (4, 'MOV_HAND_RIGHT', '2023-10-20 10:43:30', 2.0),
    (4, 'MOV_HAND_LEFT', '2023-10-20 10:44:00', 2.8),
    (4, 'MOV_HEAD', '2023-10-20 10:44:00', 2.3),
    (4, 'MOV_HAND_RIGHT', '2023-10-20 10:44:00', 5.2),
    (4, 'MOV_HAND_LEFT', '2023-10-20 10:44:30', 5.0),
    (4, 'MOV_HEAD', '2023-10-20 10:44:30', 2.8),
    (4, 'MOV_HAND_RIGHT', '2023-10-20 10:44:30', 2.6),
    (4, 'MOV_HAND_LEFT', '2023-10-20 10:45:00', 3.6),
    (4, 'MOV_HEAD', '2023-10-20 10:45:00', 5.9),
    (4, 'MOV_HAND_RIGHT', '2023-10-20 10:45:00', 3.1),
    (4, 'MOV_HAND_LEFT', '2023-10-20 10:45:30', 4.3),
    (4, 'MOV_HEAD', '2023-10-20 10:45:30', 5.5),
    (4, 'MOV_HAND_RIGHT', '2023-10-20 10:45:30', 4.0),
    (4, 'MOV_HAND_LEFT', '2023-10-20 10:46:00', 5.0),
    (4, 'MOV_HEAD', '2023-10-20 10:46:00', 1.3),
    (4, 'MOV_HAND_RIGHT', '2023-10-20 10:46:00', 2.5),
    (4, 'MOV_HAND_LEFT', '2023-10-20 10:46:30', 1.2),
    (4, 'MOV_HEAD', '2023-10-20 10:46:30', 3.5),
    (4, 'MOV_HAND_RIGHT', '2023-10-20 10:46:30', 3.5),
    (4, 'MOV_HAND_LEFT', '2023-10-20 10:47:00', 4.8),
    (4, 'MOV_HEAD', '2023-10-20 10:47:00', 5.8),
    (4, 'MOV_HAND_RIGHT', '2023-10-20 10:47:00', 5.1),
    (4, 'MOV_HAND_LEFT', '2023-10-20 10:47:30', 5.8),
    (4, 'MOV_HEAD', '2023-10-20 10:47:30', 1.8),
    (4, 'MOV_HAND_RIGHT', '2023-10-20 10:47:30', 3.7),
    (4, 'MOV_HAND_LEFT', '2023-10-20 10:48:00', 5.7),
    (4, 'MOV_HEAD', '2023-10-20 10:48:00', 4.8),
    (4, 'MOV_HAND_RIGHT', '2023-10-20 10:48:00', 4.5),
    (4, 'MOV_HAND_LEFT', '2023-10-20 10:48:30', 4.3),
    (4, 'MOV_HEAD', '2023-10-20 10:48:30', 2.4),
    (4, 'MOV_HAND_RIGHT', '2023-10-20 10:48:30', 3.0),
    (4, 'MOV_HAND_LEFT', '2023-10-20 10:49:00', 4.5),
    (4, 'MOV_HEAD', '2023-10-20 10:49:00', 4.3),
    (4, 'MOV_HAND_RIGHT', '2023-10-20 10:49:00', 2.6),
    (4, 'MOV_HAND_LEFT', '2023-10-20 10:49:30', 3.9),
    (4, 'MOV_HEAD', '2023-10-20 10:49:30', 2.1),
    (4, 'MOV_HAND_RIGHT', '2023-10-20 10:49:30', 6.0),
    (4, 'MOV_HAND_LEFT', '2023-10-20 10:50:00', 4.6),
    (4, 'MOV_HEAD', '2023-10-20 10:50:00', 5.6),
    (4, 'MOV_HAND_RIGHT', '2023-10-20 10:50:00', 5.6),
    (4, 'MOV_HAND_LEFT', '2023-10-20 10:50:30', 2.5),
    (4, 'MOV_HEAD', '2023-10-20 10:50:30', 3.7),
    (4, 'MOV_HAND_RIGHT', '2023-10-20 10:50:30', 4.2),
    (4, 'MOV_HAND_LEFT', '2023-10-20 10:51:00', 2.0),
    (4, 'MOV_HEAD', '2023-10-20 10:51:00', 5.1),
    (4, 'MOV_HAND_RIGHT', '2023-10-20 10:51:00', 3.2),
    (4, 'MOV_HAND_LEFT', '2023-10-20 10:51:30', 2.3),
    (4, 'MOV_HEAD', '2023-10-20 10:51:30', 2.8),
    (4, 'MOV_HAND_RIGHT', '2023-10-20 10:51:30', 2.8),
    (4, 'MOV_HAND_LEFT', '2023-10-20 10:52:00', 4.5),
    (4, 'MOV_HEAD', '2023-10-20 10:52:00', 2.6),
    (4, 'MOV_HAND_RIGHT', '2023-10-20 10:52:00', 5.1),
    (4, 'MOV_HAND_LEFT', '2023-10-20 10:52:30', 4.6),
    (4, 'MOV_HEAD', '2023-10-20 10:52:30', 5.8),
    (4, 'MOV_HAND_RIGHT', '2023-10-20 10:52:30', 3.9),
    (4, 'MOV_HAND_LEFT', '2023-10-20 10:53:00', 1.3),
    (4, 'MOV_HEAD', '2023-10-20 10:53:00', 3.1),
    (4, 'MOV_HAND_RIGHT', '2023-10-20 10:53:00', 4.1),
    (4, 'MOV_HAND_LEFT', '2023-10-20 10:53:30', 3.6),
    (4, 'MOV_HEAD', '2023-10-20 10:53:30', 4.7),
    (4, 'MOV_HAND_RIGHT', '2023-10-20 10:53:30', 2.5),
    (4, 'MOV_HAND_LEFT', '2023-10-20 10:54:00', 2.6),
    (4, 'MOV_HEAD', '2023-10-20 10:54:00', 1.6),
    (4, 'MOV_HAND_RIGHT', '2023-10-20 10:54:00', 2.5),
    (4, 'MOV_HAND_LEFT', '2023-10-20 10:54:30', 3.1),
    (4, 'MOV_HEAD', '2023-10-20 10:54:30', 5.5),
    (4, 'MOV_HAND_RIGHT', '2023-10-20 10:54:30', 5.9),
    (4, 'MOV_HAND_LEFT', '2023-10-20 10:55:00', 1.3),
    (4, 'MOV_HEAD', '2023-10-20 10:55:00', 5.8),
    (4, 'MOV_HAND_RIGHT', '2023-10-20 10:55:00', 5.0),
    (4, 'MOV_HAND_LEFT', '2023-10-20 10:55:30', 3.3),
    (4, 'MOV_HEAD', '2023-10-20 10:55:30', 2.6),
    (4, 'MOV_HAND_RIGHT', '2023-10-20 10:55:30', 3.8),
    (4, 'MOV_HAND_LEFT', '2023-10-20 10:56:00', 1.2),
    (4, 'MOV_HEAD', '2023-10-20 10:56:00', 5.8),
    (4, 'MOV_HAND_RIGHT', '2023-10-20 10:56:00', 5.3),
    (4, 'MOV_HAND_LEFT', '2023-10-20 10:56:30', 4.0),
    (4, 'MOV_HEAD', '2023-10-20 10:56:30', 3.9),
    (4, 'MOV_HAND_RIGHT', '2023-10-20 10:56:30', 3.3),
    (4, 'MOV_HAND_LEFT', '2023-10-20 10:57:00', 4.0),
    (4, 'MOV_HEAD', '2023-10-20 10:57:00', 5.3),
    (4, 'MOV_HAND_RIGHT', '2023-10-20 10:57:00', 4.9),
    (4, 'MOV_HAND_LEFT', '2023-10-20 10:57:30', 3.1),
    (4, 'MOV_HEAD', '2023-10-20 10:57:30', 3.3),
    (4, 'MOV_HAND_RIGHT', '2023-10-20 10:57:30', 2.2),
    (4, 'MOV_HAND_LEFT', '2023-10-20 10:58:00', 1.8),
    (4, 'MOV_HEAD', '2023-10-20 10:58:00', 3.3),
    (4, 'MOV_HAND_RIGHT', '2023-10-20 10:58:00', 4.3),
    (4, 'MOV_HAND_LEFT', '2023-10-20 10:58:30', 4.9),
    (4, 'MOV_HEAD', '2023-10-20 10:58:30', 5.9),
    (4, 'MOV_HAND_RIGHT', '2023-10-20 10:58:30', 4.9),
    (4, 'MOV_HAND_LEFT', '2023-10-20 10:59:00', 4.8),
    (4, 'MOV_HEAD', '2023-10-20 10:59:00', 5.7),
    (4, 'MOV_HAND_RIGHT', '2023-10-20 10:59:00', 4.1),
    (4, 'MOV_HAND_LEFT', '2023-10-20 10:59:30', 4.9),
    (4, 'MOV_HEAD', '2023-10-20 10:59:30', 2.4),
    (4, 'MOV_HAND_RIGHT', '2023-10-20 10:59:30', 4.0),
    (4, 'MOV_HAND_LEFT', '2023-10-20 11:00:00', 3.7),
    (4, 'MOV_HEAD', '2023-10-20 11:00:00', 1.4),
    (4, 'MOV_HAND_RIGHT', '2023-10-20 11:00:00', 2.1),
    (4, 'MOV_HAND_LEFT', '2023-10-20 11:00:30', 3.7),
    (4, 'MOV_HEAD', '2023-10-20 11:00:30', 3.6),
    (4, 'MOV_HAND_RIGHT', '2023-10-20 11:00:30', 3.6),
    (4, 'MOV_HAND_LEFT', '2023-10-20 11:01:00', 3.8),
    (4, 'MOV_HEAD', '2023-10-20 11:01:00', 5.2),
    (4, 'MOV_HAND_RIGHT', '2023-10-20 11:01:00', 2.2),
    (4, 'MOV_HAND_LEFT', '2023-10-20 11:01:30', 3.2),
    (4, 'MOV_HEAD', '2023-10-20 11:01:30', 2.4),
    (4, 'MOV_HAND_RIGHT', '2023-10-20 11:01:30', 2.6),
    (4, 'MOV_HAND_LEFT', '2023-10-20 11:02:00', 1.4),
    (4, 'MOV_HEAD', '2023-10-20 11:02:00', 4.9),
    (4, 'MOV_HAND_RIGHT', '2023-10-20 11:02:00', 2.8),
    (4, 'MOV_HAND_LEFT', '2023-10-20 11:02:30', 2.4),
    (4, 'MOV_HEAD', '2023-10-20 11:02:30', 2.1),
    (4, 'MOV_HAND_RIGHT', '2023-10-20 11:02:30', 2.0),
    (4, 'MOV_HAND_LEFT', '2023-10-20 11:03:00', 1.6),
    (4, 'MOV_HEAD', '2023-10-20 11:03:00', 1.2),
    (4, 'MOV_HAND_RIGHT', '2023-10-20 11:03:00', 2.5),
    (4, 'MOV_HAND_LEFT', '2023-10-20 11:03:30', 4.7),
    (4, 'MOV_HEAD', '2023-10-20 11:03:30', 4.0),
    (4, 'MOV_HAND_RIGHT', '2023-10-20 11:03:30', 3.3),
    (4, 'MOV_HAND_LEFT', '2023-10-20 11:04:00', 3.3),
    (4, 'MOV_HEAD', '2023-10-20 11:04:00', 3.1),
    (4, 'MOV_HAND_RIGHT', '2023-10-20 11:04:00', 3.5),
    (4, 'MOV_HAND_LEFT', '2023-10-20 11:04:30', 5.0),
    (4, 'MOV_HEAD', '2023-10-20 11:04:30', 4.0),
    (4, 'MOV_HAND_RIGHT', '2023-10-20 11:04:30', 5.7),
    (4, 'MOV_HAND_LEFT', '2023-10-20 11:05:00', 2.7),
    (4, 'MOV_HEAD', '2023-10-20 11:05:00', 3.9),
    (4, 'MOV_HAND_RIGHT', '2023-10-20 11:05:00', 4.6),
    (4, 'MOV_HAND_LEFT', '2023-10-20 11:05:30', 3.3),
    (4, 'MOV_HEAD', '2023-10-20 11:05:30', 3.7),
    (4, 'MOV_HAND_RIGHT', '2023-10-20 11:05:30', 4.2),
    (4, 'MOV_HAND_LEFT', '2023-10-20 11:06:00', 4.6),
    (4, 'MOV_HEAD', '2023-10-20 11:06:00', 2.5),
    (4, 'MOV_HAND_RIGHT', '2023-10-20 11:06:00', 1.9),
    (4, 'MOV_HAND_LEFT', '2023-10-20 11:06:30', 3.2),
    (4, 'MOV_HEAD', '2023-10-20 11:06:30', 5.0),
    (4, 'MOV_HAND_RIGHT', '2023-10-20 11:06:30', 5.5),
    (4, 'MOV_HAND_LEFT', '2023-10-20 11:07:00', 4.1),
    (4, 'MOV_HEAD', '2023-10-20 11:07:00', 4.3),
    (4, 'MOV_HAND_RIGHT', '2023-10-20 11:07:00', 1.6),
    (4, 'MOV_HAND_LEFT', '2023-10-20 11:07:30', 4.4),
    (4, 'MOV_HEAD', '2023-10-20 11:07:30', 5.7),
    (4, 'MOV_HAND_RIGHT', '2023-10-20 11:07:30', 5.6),
    (4, 'MOV_HAND_LEFT', '2023-10-20 11:08:00', 2.4),
    (4, 'MOV_HEAD', '2023-10-20 11:08:00', 5.4),
    (4, 'MOV_HAND_RIGHT', '2023-10-20 11:08:00', 2.1),
    (4, 'MOV_HAND_LEFT', '2023-10-20 11:08:30', 5.7),
    (4, 'MOV_HEAD', '2023-10-20 11:08:30', 1.6),
    (4, 'MOV_HAND_RIGHT', '2023-10-20 11:08:30', 5.1),
    (4, 'MOV_HAND_LEFT', '2023-10-20 11:09:00', 3.3),
    (4, 'MOV_HEAD', '2023-10-20 11:09:00', 2.2),
    (4, 'MOV_HAND_RIGHT', '2023-10-20 11:09:00', 1.7),
    (4, 'MOV_HAND_LEFT', '2023-10-20 11:09:30', 4.9),
    (4, 'MOV_HEAD', '2023-10-20 11:09:30', 5.1),
    (4, 'MOV_HAND_RIGHT', '2023-10-20 11:09:30', 3.7),
    (4, 'MOV_HAND_LEFT', '2023-10-20 11:10:00', 5.6),
    (4, 'MOV_HEAD', '2023-10-20 11:10:00', 5.8),
    (4, 'MOV_HAND_RIGHT', '2023-10-20 11:10:00', 2.4),
    (4, 'MOV_HAND_LEFT', '2023-10-20 11:10:30', 1.8),
    (4, 'MOV_HEAD', '2023-10-20 11:10:30', 4.6),
    (4, 'MOV_HAND_RIGHT', '2023-10-20 11:10:30', 1.3),
    (4, 'MOV_HAND_LEFT', '2023-10-20 11:11:00', 5.0),
    (4, 'MOV_HEAD', '2023-10-20 11:11:00', 3.7),
    (4, 'MOV_HAND_RIGHT', '2023-10-20 11:11:00', 3.2),
    (4, 'MOV_HAND_LEFT', '2023-10-20 11:11:30', 2.8),
    (4, 'MOV_HEAD', '2023-10-20 11:11:30', 1.2),
    (4, 'MOV_HAND_RIGHT', '2023-10-20 11:11:30', 5.6),
    (4, 'MOV_HAND_LEFT', '2023-10-20 11:12:00', 1.6),
    (4, 'MOV_HEAD', '2023-10-20 11:12:00', 2.9),
    (4, 'MOV_HAND_RIGHT', '2023-10-20 11:12:00', 4.6),
    (4, 'MOV_HAND_LEFT', '2023-10-20 11:12:30', 3.5),
    (4, 'MOV_HEAD', '2023-10-20 11:12:30', 1.0),
    (4, 'MOV_HAND_RIGHT', '2023-10-20 11:12:30', 4.6),
    (4, 'MOV_HAND_LEFT', '2023-10-20 11:13:00', 3.7),
    (4, 'MOV_HEAD', '2023-10-20 11:13:00', 1.5),
    (4, 'MOV_HAND_RIGHT', '2023-10-20 11:13:00', 1.5),
    (4, 'MOV_HAND_LEFT', '2023-10-20 11:13:30', 1.5),
    (4, 'MOV_HEAD', '2023-10-20 11:13:30', 3.9),
    (4, 'MOV_HAND_RIGHT', '2023-10-20 11:13:30', 1.5),
    (4, 'MOV_HAND_LEFT', '2023-10-20 11:14:00', 4.9),
    (4, 'MOV_HEAD', '2023-10-20 11:14:00', 1.4),
    (4, 'MOV_HAND_RIGHT', '2023-10-20 11:14:00', 3.1),
    (4, 'MOV_HAND_LEFT', '2023-10-20 11:14:30', 4.8),
    (4, 'MOV_HEAD', '2023-10-20 11:14:30', 2.6),
    (4, 'MOV_HAND_RIGHT', '2023-10-20 11:14:30', 5.5),
    (4, 'MOV_HAND_LEFT', '2023-10-20 11:15:00', 1.8),
    (4, 'MOV_HEAD', '2023-10-20 11:15:00', 5.0),
    (4, 'MOV_HAND_RIGHT', '2023-10-20 11:15:00', 4.5),
    (4, 'MOV_HAND_LEFT', '2023-10-20 11:15:30', 4.0),
    (4, 'MOV_HEAD', '2023-10-20 11:15:30', 1.8),
    (4, 'MOV_HAND_RIGHT', '2023-10-20 11:15:30', 3.6),
    (4, 'MOV_HAND_LEFT', '2023-10-20 11:16:00', 5.4),
    (4, 'MOV_HEAD', '2023-10-20 11:16:00', 2.7),
    (4, 'MOV_HAND_RIGHT', '2023-10-20 11:16:00', 5.6),
    (4, 'MOV_HAND_LEFT', '2023-10-20 11:16:30', 4.3),
    (4, 'MOV_HEAD', '2023-10-20 11:16:30', 1.2),
    (4, 'MOV_HAND_RIGHT', '2023-10-20 11:16:30', 3.3),
    (4, 'MOV_HAND_LEFT', '2023-10-20 11:17:00', 4.3),
    (4, 'MOV_HEAD', '2023-10-20 11:17:00', 4.0),
    (4, 'MOV_HAND_RIGHT', '2023-10-20 11:17:00', 4.9),
    (4, 'MOV_HAND_LEFT', '2023-10-20 11:17:30', 5.7),
    (4, 'MOV_HEAD', '2023-10-20 11:17:30', 1.1),
    (4, 'MOV_HAND_RIGHT', '2023-10-20 11:17:30', 4.5),
    (4, 'MOV_HAND_LEFT', '2023-10-20 11:18:00', 3.0),
    (4, 'MOV_HEAD', '2023-10-20 11:18:00', 3.7),
    (4, 'MOV_HAND_RIGHT', '2023-10-20 11:18:00', 5.8),
    (4, 'MOV_HAND_LEFT', '2023-10-20 11:18:30', 4.0),
    (4, 'MOV_HEAD', '2023-10-20 11:18:30', 4.4),
    (4, 'MOV_HAND_RIGHT', '2023-10-20 11:18:30', 1.8),
    (4, 'MOV_HAND_LEFT', '2023-10-20 11:19:00', 2.8),
    (4, 'MOV_HEAD', '2023-10-20 11:19:00', 3.4),
    (4, 'MOV_HAND_RIGHT', '2023-10-20 11:19:00', 5.8),
    (4, 'MOV_HAND_LEFT', '2023-10-20 11:19:30', 1.2),
    (4, 'MOV_HEAD', '2023-10-20 11:19:30', 2.9),
    (4, 'MOV_HAND_RIGHT', '2023-10-20 11:19:30', 3.1),
    (4, 'MOV_HAND_LEFT', '2023-10-20 11:20:00', 3.5),
    (4, 'MOV_HEAD', '2023-10-20 11:20:00', 2.4),
    (4, 'MOV_HAND_RIGHT', '2023-10-20 11:20:00', 1.5),
    (4, 'MOV_HAND_LEFT', '2023-10-20 11:20:30', 5.1),
    (4, 'MOV_HEAD', '2023-10-20 11:20:30', 4.1),
    (4, 'MOV_HAND_RIGHT', '2023-10-20 11:20:30', 1.7),
    (4, 'MOV_HAND_LEFT', '2023-10-20 11:21:00', 3.8),
    (4, 'MOV_HEAD', '2023-10-20 11:21:00', 4.9),
    (4, 'MOV_HAND_RIGHT', '2023-10-20 11:21:00', 2.3),
    (4, 'MOV_HAND_LEFT', '2023-10-20 11:21:30', 2.0),
    (4, 'MOV_HEAD', '2023-10-20 11:21:30', 6.0),
    (4, 'MOV_HAND_RIGHT', '2023-10-20 11:21:30', 5.9),
    (4, 'MOV_HAND_LEFT', '2023-10-20 11:22:00', 3.2),
    (4, 'MOV_HEAD', '2023-10-20 11:22:00', 2.4),
    (4, 'MOV_HAND_RIGHT', '2023-10-20 11:22:00', 2.9),
    (4, 'MOV_HAND_LEFT', '2023-10-20 11:22:30', 5.5),
    (4, 'MOV_HEAD', '2023-10-20 11:22:30', 2.4),
    (4, 'MOV_HAND_RIGHT', '2023-10-20 11:22:30', 3.5),
    (4, 'MOV_HAND_LEFT', '2023-10-20 11:23:00', 3.5),
    (4, 'MOV_HEAD', '2023-10-20 11:23:00', 5.5),
    (4, 'MOV_HAND_RIGHT', '2023-10-20 11:23:00', 6.0),
    (4, 'MOV_HAND_LEFT', '2023-10-20 11:23:30', 3.8),
    (4, 'MOV_HEAD', '2023-10-20 11:23:30', 5.0),
    (4, 'MOV_HAND_RIGHT', '2023-10-20 11:23:30', 3.8),
    (4, 'MOV_HAND_LEFT', '2023-10-20 11:24:00', 4.9),
    (4, 'MOV_HEAD', '2023-10-20 11:24:00', 2.5),
    (4, 'MOV_HAND_RIGHT', '2023-10-20 11:24:00', 5.6),
    (4, 'MOV_HAND_LEFT', '2023-10-20 11:24:30', 5.8),
    (4, 'MOV_HEAD', '2023-10-20 11:24:30', 3.4),
    (4, 'MOV_HAND_RIGHT', '2023-10-20 11:24:30', 1.1),
    (4, 'MOV_HAND_LEFT', '2023-10-20 11:25:00', 4.7),
    (4, 'MOV_HEAD', '2023-10-20 11:25:00', 2.5),
    (4, 'MOV_HAND_RIGHT', '2023-10-20 11:25:00', 3.9),
    (4, 'MOV_HAND_LEFT', '2023-10-20 11:25:30', 5.7),
    (4, 'MOV_HEAD', '2023-10-20 11:25:30', 3.0),
    (4, 'MOV_HAND_RIGHT', '2023-10-20 11:25:30', 4.2),
    (4, 'MOV_HAND_LEFT', '2023-10-20 11:26:00', 2.7),
    (4, 'MOV_HEAD', '2023-10-20 11:26:00', 1.6),
    (4, 'MOV_HAND_RIGHT', '2023-10-20 11:26:00', 4.0),
    (4, 'MOV_HAND_LEFT', '2023-10-20 11:26:30', 5.1),
    (4, 'MOV_HEAD', '2023-10-20 11:26:30', 5.3),
    (4, 'MOV_HAND_RIGHT', '2023-10-20 11:26:30', 3.0),
    (4, 'MOV_HAND_LEFT', '2023-10-20 11:27:00', 1.1),
    (4, 'MOV_HEAD', '2023-10-20 11:27:00', 4.7),
    (4, 'MOV_HAND_RIGHT', '2023-10-20 11:27:00', 3.9),
    (4, 'MOV_HAND_LEFT', '2023-10-20 11:27:30', 1.2),
    (4, 'MOV_HEAD', '2023-10-20 11:27:30', 1.3),
    (4, 'MOV_HAND_RIGHT', '2023-10-20 11:27:30', 2.6),
    (4, 'MOV_HAND_LEFT', '2023-10-20 11:28:00', 2.5),
    (4, 'MOV_HEAD', '2023-10-20 11:28:00', 2.7),
    (4, 'MOV_HAND_RIGHT', '2023-10-20 11:28:00', 2.1),
    (4, 'MOV_HAND_LEFT', '2023-10-20 11:28:30', 3.0),
    (4, 'MOV_HEAD', '2023-10-20 11:28:30', 2.7),
    (4, 'MOV_HAND_RIGHT', '2023-10-20 11:28:30', 2.1),
    (4, 'MOV_HAND_LEFT', '2023-10-20 11:29:00', 3.3),
    (4, 'MOV_HEAD', '2023-10-20 11:29:00', 4.1),
    (4, 'MOV_HAND_RIGHT', '2023-10-20 11:29:00', 5.8),
    (4, 'MOV_HAND_LEFT', '2023-10-20 11:29:30', 5.9),
    (4, 'MOV_HEAD', '2023-10-20 11:29:30', 4.1),
    (4, 'MOV_HAND_RIGHT', '2023-10-20 11:29:30', 1.6),
    (4, 'MOV_HAND_LEFT', '2023-10-20 11:30:00', 4.4),
    (4, 'MOV_HEAD', '2023-10-20 11:30:00', 2.2),
    (4, 'MOV_HAND_RIGHT', '2023-10-20 11:30:00', 2.0),
    (4, 'MOV_HAND_LEFT', '2023-10-20 11:30:30', 1.4),
    (4, 'MOV_HEAD', '2023-10-20 11:30:30', 5.3),
    (4, 'MOV_HAND_RIGHT', '2023-10-20 11:30:30', 5.7),
    (4, 'MOV_HAND_LEFT', '2023-10-20 11:31:00', 1.8),
    (4, 'MOV_HEAD', '2023-10-20 11:31:00', 4.8),
    (4, 'MOV_HAND_RIGHT', '2023-10-20 11:31:00', 1.9),
    (4, 'MOV_HAND_LEFT', '2023-10-20 11:31:30', 4.2),
    (4, 'MOV_HEAD', '2023-10-20 11:31:30', 1.1),
    (4, 'MOV_HAND_RIGHT', '2023-10-20 11:31:30', 5.3),
    (4, 'MOV_HAND_LEFT', '2023-10-20 11:32:00', 5.1),
    (4, 'MOV_HEAD', '2023-10-20 11:32:00', 5.5),
    (4, 'MOV_HAND_RIGHT', '2023-10-20 11:32:00', 2.4),
    (4, 'MOV_HAND_LEFT', '2023-10-20 11:32:30', 5.8),
    (4, 'MOV_HEAD', '2023-10-20 11:32:30', 4.3),
    (4, 'MOV_HAND_RIGHT', '2023-10-20 11:32:30', 1.5),
    (4, 'MOV_HAND_LEFT', '2023-10-20 11:33:00', 3.3),
    (4, 'MOV_HEAD', '2023-10-20 11:33:00', 3.7),
    (4, 'MOV_HAND_RIGHT', '2023-10-20 11:33:00', 4.2),
    (4, 'MOV_HAND_LEFT', '2023-10-20 11:33:30', 5.1),
    (4, 'MOV_HEAD', '2023-10-20 11:33:30', 2.8),
    (4, 'MOV_HAND_RIGHT', '2023-10-20 11:33:30', 3.4),
    (4, 'MOV_HAND_LEFT', '2023-10-20 11:34:00', 2.2),
    (4, 'MOV_HEAD', '2023-10-20 11:34:00', 1.2),
    (4, 'MOV_HAND_RIGHT', '2023-10-20 11:34:00', 1.5),
    (4, 'MOV_HAND_LEFT', '2023-10-20 11:34:30', 2.4),
    (4, 'MOV_HEAD', '2023-10-20 11:34:30', 4.9),
    (4, 'MOV_HAND_RIGHT', '2023-10-20 11:34:30', 4.1),
    (4, 'MOV_HAND_LEFT', '2023-10-20 11:35:00', 3.4),
    (4, 'MOV_HEAD', '2023-10-20 11:35:00', 5.6),
    (4, 'MOV_HAND_RIGHT', '2023-10-20 11:35:00', 4.3),
    (4, 'MOV_HAND_LEFT', '2023-10-20 11:35:30', 1.0),
    (4, 'MOV_HEAD', '2023-10-20 11:35:30', 3.6),
    (4, 'MOV_HAND_RIGHT', '2023-10-20 11:35:30', 5.2),
    (4, 'MOV_HAND_LEFT', '2023-10-20 11:36:00', 2.9),
    (4, 'MOV_HEAD', '2023-10-20 11:36:00', 4.6),
    (4, 'MOV_HAND_RIGHT', '2023-10-20 11:36:00', 1.6),
    (4, 'MOV_HAND_LEFT', '2023-10-20 11:36:30', 5.2),
    (4, 'MOV_HEAD', '2023-10-20 11:36:30', 1.1),
    (4, 'MOV_HAND_RIGHT', '2023-10-20 11:36:30', 3.7),
    (4, 'MOV_HAND_LEFT', '2023-10-20 11:37:00', 4.3),
    (4, 'MOV_HEAD', '2023-10-20 11:37:00', 1.3),
    (4, 'MOV_HAND_RIGHT', '2023-10-20 11:37:00', 1.6),
    (4, 'MOV_HAND_LEFT', '2023-10-20 11:37:30', 3.8),
    (4, 'MOV_HEAD', '2023-10-20 11:37:30', 2.5),
    (4, 'MOV_HAND_RIGHT', '2023-10-20 11:37:30', 4.6),
    (4, 'MOV_HAND_LEFT', '2023-10-20 11:38:00', 2.7),
    (4, 'MOV_HEAD', '2023-10-20 11:38:00', 4.1),
    (4, 'MOV_HAND_RIGHT', '2023-10-20 11:38:00', 3.4),
    (4, 'MOV_HAND_LEFT', '2023-10-20 11:38:30', 5.0),
    (4, 'MOV_HEAD', '2023-10-20 11:38:30', 5.5),
    (4, 'MOV_HAND_RIGHT', '2023-10-20 11:38:30', 4.1),
    (4, 'MOV_HAND_LEFT', '2023-10-20 11:39:00', 2.9),
    (4, 'MOV_HEAD', '2023-10-20 11:39:00', 1.6),
    (4, 'MOV_HAND_RIGHT', '2023-10-20 11:39:00', 4.8),
    (4, 'MOV_HAND_LEFT', '2023-10-20 11:39:30', 1.9),
    (4, 'MOV_HEAD', '2023-10-20 11:39:30', 3.4),
    (4, 'MOV_HAND_RIGHT', '2023-10-20 11:39:30', 5.4),
    (4, 'MOV_HAND_LEFT', '2023-10-20 11:40:00', 2.3),
    (4, 'MOV_HEAD', '2023-10-20 11:40:00', 1.8),
    (4, 'MOV_HAND_RIGHT', '2023-10-20 11:40:00', 5.5);

INSERT INTO Stats (id_session, nombre, momento, valor) VALUES
    (5, 'MOV_HAND_LEFT', '2023-10-22 10:00:00', 1.3),
    (5, 'MOV_HEAD', '2023-10-22 10:00:00', 4.3),
    (5, 'MOV_HAND_RIGHT', '2023-10-22 10:00:00', 5.9),
    (5, 'MOV_HAND_LEFT', '2023-10-22 10:00:30', 4.9),
    (5, 'MOV_HEAD', '2023-10-22 10:00:30', 4.1),
    (5, 'MOV_HAND_RIGHT', '2023-10-22 10:00:30', 3.7),
    (5, 'MOV_HAND_LEFT', '2023-10-22 10:01:00', 6.0),
    (5, 'MOV_HEAD', '2023-10-22 10:01:00', 2.5),
    (5, 'MOV_HAND_RIGHT', '2023-10-22 10:01:00', 5.7),
    (5, 'MOV_HAND_LEFT', '2023-10-22 10:01:30', 3.3),
    (5, 'MOV_HEAD', '2023-10-22 10:01:30', 4.3),
    (5, 'MOV_HAND_RIGHT', '2023-10-22 10:01:30', 3.4),
    (5, 'MOV_HAND_LEFT', '2023-10-22 10:02:00', 2.1),
    (5, 'MOV_HEAD', '2023-10-22 10:02:00', 4.0),
    (5, 'MOV_HAND_RIGHT', '2023-10-22 10:02:00', 5.3),
    (5, 'MOV_HAND_LEFT', '2023-10-22 10:02:30', 3.4),
    (5, 'MOV_HEAD', '2023-10-22 10:02:30', 3.4),
    (5, 'MOV_HAND_RIGHT', '2023-10-22 10:02:30', 2.1),
    (5, 'MOV_HAND_LEFT', '2023-10-22 10:03:00', 5.9),
    (5, 'MOV_HEAD', '2023-10-22 10:03:00', 3.6),
    (5, 'MOV_HAND_RIGHT', '2023-10-22 10:03:00', 5.2),
    (5, 'MOV_HAND_LEFT', '2023-10-22 10:03:30', 2.4),
    (5, 'MOV_HEAD', '2023-10-22 10:03:30', 4.2),
    (5, 'MOV_HAND_RIGHT', '2023-10-22 10:03:30', 5.0),
    (5, 'MOV_HAND_LEFT', '2023-10-22 10:04:00', 2.3),
    (5, 'MOV_HEAD', '2023-10-22 10:04:00', 1.5),
    (5, 'MOV_HAND_RIGHT', '2023-10-22 10:04:00', 4.7),
    (5, 'MOV_HAND_LEFT', '2023-10-22 10:04:30', 4.3),
    (5, 'MOV_HEAD', '2023-10-22 10:04:30', 4.2),
    (5, 'MOV_HAND_RIGHT', '2023-10-22 10:04:30', 5.5),
    (5, 'MOV_HAND_LEFT', '2023-10-22 10:05:00', 1.5),
    (5, 'MOV_HEAD', '2023-10-22 10:05:00', 4.8),
    (5, 'MOV_HAND_RIGHT', '2023-10-22 10:05:00', 5.7),
    (5, 'MOV_HAND_LEFT', '2023-10-22 10:05:30', 2.5),
    (5, 'MOV_HEAD', '2023-10-22 10:05:30', 1.8),
    (5, 'MOV_HAND_RIGHT', '2023-10-22 10:05:30', 5.9),
    (5, 'MOV_HAND_LEFT', '2023-10-22 10:06:00', 1.5),
    (5, 'MOV_HEAD', '2023-10-22 10:06:00', 3.8),
    (5, 'MOV_HAND_RIGHT', '2023-10-22 10:06:00', 2.9),
    (5, 'MOV_HAND_LEFT', '2023-10-22 10:06:30', 4.9),
    (5, 'MOV_HEAD', '2023-10-22 10:06:30', 2.4),
    (5, 'MOV_HAND_RIGHT', '2023-10-22 10:06:30', 4.3),
    (5, 'MOV_HAND_LEFT', '2023-10-22 10:07:00', 3.7),
    (5, 'MOV_HEAD', '2023-10-22 10:07:00', 2.7),
    (5, 'MOV_HAND_RIGHT', '2023-10-22 10:07:00', 1.4),
    (5, 'MOV_HAND_LEFT', '2023-10-22 10:07:30', 3.3),
    (5, 'MOV_HEAD', '2023-10-22 10:07:30', 1.2),
    (5, 'MOV_HAND_RIGHT', '2023-10-22 10:07:30', 2.4),
    (5, 'MOV_HAND_LEFT', '2023-10-22 10:08:00', 3.3),
    (5, 'MOV_HEAD', '2023-10-22 10:08:00', 4.4),
    (5, 'MOV_HAND_RIGHT', '2023-10-22 10:08:00', 4.1),
    (5, 'MOV_HAND_LEFT', '2023-10-22 10:08:30', 2.4),
    (5, 'MOV_HEAD', '2023-10-22 10:08:30', 4.1),
    (5, 'MOV_HAND_RIGHT', '2023-10-22 10:08:30', 3.5),
    (5, 'MOV_HAND_LEFT', '2023-10-22 10:09:00', 4.9),
    (5, 'MOV_HEAD', '2023-10-22 10:09:00', 3.0),
    (5, 'MOV_HAND_RIGHT', '2023-10-22 10:09:00', 2.7),
    (5, 'MOV_HAND_LEFT', '2023-10-22 10:09:30', 1.5),
    (5, 'MOV_HEAD', '2023-10-22 10:09:30', 5.9),
    (5, 'MOV_HAND_RIGHT', '2023-10-22 10:09:30', 5.7),
    (5, 'MOV_HAND_LEFT', '2023-10-22 10:10:00', 2.0),
    (5, 'MOV_HEAD', '2023-10-22 10:10:00', 2.2),
    (5, 'MOV_HAND_RIGHT', '2023-10-22 10:10:00', 5.6),
    (5, 'MOV_HAND_LEFT', '2023-10-22 10:10:30', 3.2),
    (5, 'MOV_HEAD', '2023-10-22 10:10:30', 5.0),
    (5, 'MOV_HAND_RIGHT', '2023-10-22 10:10:30', 1.7),
    (5, 'MOV_HAND_LEFT', '2023-10-22 10:11:00', 3.4),
    (5, 'MOV_HEAD', '2023-10-22 10:11:00', 5.6),
    (5, 'MOV_HAND_RIGHT', '2023-10-22 10:11:00', 1.8),
    (5, 'MOV_HAND_LEFT', '2023-10-22 10:11:30', 1.6),
    (5, 'MOV_HEAD', '2023-10-22 10:11:30', 2.3),
    (5, 'MOV_HAND_RIGHT', '2023-10-22 10:11:30', 1.7),
    (5, 'MOV_HAND_LEFT', '2023-10-22 10:12:00', 4.8),
    (5, 'MOV_HEAD', '2023-10-22 10:12:00', 1.9),
    (5, 'MOV_HAND_RIGHT', '2023-10-22 10:12:00', 1.7),
    (5, 'MOV_HAND_LEFT', '2023-10-22 10:12:30', 5.4),
    (5, 'MOV_HEAD', '2023-10-22 10:12:30', 3.0),
    (5, 'MOV_HAND_RIGHT', '2023-10-22 10:12:30', 3.2),
    (5, 'MOV_HAND_LEFT', '2023-10-22 10:13:00', 3.3),
    (5, 'MOV_HEAD', '2023-10-22 10:13:00', 5.3),
    (5, 'MOV_HAND_RIGHT', '2023-10-22 10:13:00', 1.3),
    (5, 'MOV_HAND_LEFT', '2023-10-22 10:13:30', 4.7),
    (5, 'MOV_HEAD', '2023-10-22 10:13:30', 5.6),
    (5, 'MOV_HAND_RIGHT', '2023-10-22 10:13:30', 4.6),
    (5, 'MOV_HAND_LEFT', '2023-10-22 10:14:00', 5.9),
    (5, 'MOV_HEAD', '2023-10-22 10:14:00', 1.5),
    (5, 'MOV_HAND_RIGHT', '2023-10-22 10:14:00', 4.8),
    (5, 'MOV_HAND_LEFT', '2023-10-22 10:14:30', 2.1),
    (5, 'MOV_HEAD', '2023-10-22 10:14:30', 2.9),
    (5, 'MOV_HAND_RIGHT', '2023-10-22 10:14:30', 5.5),
    (5, 'MOV_HAND_LEFT', '2023-10-22 10:15:00', 4.6),
    (5, 'MOV_HEAD', '2023-10-22 10:15:00', 3.2),
    (5, 'MOV_HAND_RIGHT', '2023-10-22 10:15:00', 3.5),
    (5, 'MOV_HAND_LEFT', '2023-10-22 10:15:30', 2.7),
    (5, 'MOV_HEAD', '2023-10-22 10:15:30', 3.7),
    (5, 'MOV_HAND_RIGHT', '2023-10-22 10:15:30', 2.7),
    (5, 'MOV_HAND_LEFT', '2023-10-22 10:16:00', 1.7),
    (5, 'MOV_HEAD', '2023-10-22 10:16:00', 1.3),
    (5, 'MOV_HAND_RIGHT', '2023-10-22 10:16:00', 2.7),
    (5, 'MOV_HAND_LEFT', '2023-10-22 10:16:30', 4.9),
    (5, 'MOV_HEAD', '2023-10-22 10:16:30', 1.7),
    (5, 'MOV_HAND_RIGHT', '2023-10-22 10:16:30', 2.4),
    (5, 'MOV_HAND_LEFT', '2023-10-22 10:17:00', 4.7),
    (5, 'MOV_HEAD', '2023-10-22 10:17:00', 5.9),
    (5, 'MOV_HAND_RIGHT', '2023-10-22 10:17:00', 5.5),
    (5, 'MOV_HAND_LEFT', '2023-10-22 10:17:30', 3.3),
    (5, 'MOV_HEAD', '2023-10-22 10:17:30', 5.5),
    (5, 'MOV_HAND_RIGHT', '2023-10-22 10:17:30', 2.6),
    (5, 'MOV_HAND_LEFT', '2023-10-22 10:18:00', 2.7),
    (5, 'MOV_HEAD', '2023-10-22 10:18:00', 3.5),
    (5, 'MOV_HAND_RIGHT', '2023-10-22 10:18:00', 3.0),
    (5, 'MOV_HAND_LEFT', '2023-10-22 10:18:30', 5.2),
    (5, 'MOV_HEAD', '2023-10-22 10:18:30', 3.0),
    (5, 'MOV_HAND_RIGHT', '2023-10-22 10:18:30', 5.8),
    (5, 'MOV_HAND_LEFT', '2023-10-22 10:19:00', 5.1),
    (5, 'MOV_HEAD', '2023-10-22 10:19:00', 1.9),
    (5, 'MOV_HAND_RIGHT', '2023-10-22 10:19:00', 5.2),
    (5, 'MOV_HAND_LEFT', '2023-10-22 10:19:30', 1.7),
    (5, 'MOV_HEAD', '2023-10-22 10:19:30', 1.3),
    (5, 'MOV_HAND_RIGHT', '2023-10-22 10:19:30', 2.8),
    (5, 'MOV_HAND_LEFT', '2023-10-22 10:20:00', 3.8),
    (5, 'MOV_HEAD', '2023-10-22 10:20:00', 1.5),
    (5, 'MOV_HAND_RIGHT', '2023-10-22 10:20:00', 2.7);

INSERT INTO Stats (id_session, nombre, momento, valor) VALUES
    (6, 'MOV_HAND_LEFT', '2023-10-22 10:44:00', 3.7),
    (6, 'MOV_HEAD', '2023-10-22 10:44:00', 4.6),
    (6, 'MOV_HAND_RIGHT', '2023-10-22 10:44:00', 5.3),
    (6, 'MOV_HAND_LEFT', '2023-10-22 10:44:30', 3.3),
    (6, 'MOV_HEAD', '2023-10-22 10:44:30', 1.9),
    (6, 'MOV_HAND_RIGHT', '2023-10-22 10:44:30', 1.7),
    (6, 'MOV_HAND_LEFT', '2023-10-22 10:45:00', 4.8),
    (6, 'MOV_HEAD', '2023-10-22 10:45:00', 3.5),
    (6, 'MOV_HAND_RIGHT', '2023-10-22 10:45:00', 5.6),
    (6, 'MOV_HAND_LEFT', '2023-10-22 10:45:30', 4.4),
    (6, 'MOV_HEAD', '2023-10-22 10:45:30', 1.8),
    (6, 'MOV_HAND_RIGHT', '2023-10-22 10:45:30', 2.0),
    (6, 'MOV_HAND_LEFT', '2023-10-22 10:46:00', 1.3),
    (6, 'MOV_HEAD', '2023-10-22 10:46:00', 5.7),
    (6, 'MOV_HAND_RIGHT', '2023-10-22 10:46:00', 2.1),
    (6, 'MOV_HAND_LEFT', '2023-10-22 10:46:30', 5.7),
    (6, 'MOV_HEAD', '2023-10-22 10:46:30', 3.2),
    (6, 'MOV_HAND_RIGHT', '2023-10-22 10:46:30', 1.2),
    (6, 'MOV_HAND_LEFT', '2023-10-22 10:47:00', 1.6),
    (6, 'MOV_HEAD', '2023-10-22 10:47:00', 4.6),
    (6, 'MOV_HAND_RIGHT', '2023-10-22 10:47:00', 5.8),
    (6, 'MOV_HAND_LEFT', '2023-10-22 10:47:30', 4.9),
    (6, 'MOV_HEAD', '2023-10-22 10:47:30', 3.7),
    (6, 'MOV_HAND_RIGHT', '2023-10-22 10:47:30', 2.0),
    (6, 'MOV_HAND_LEFT', '2023-10-22 10:48:00', 1.7),
    (6, 'MOV_HEAD', '2023-10-22 10:48:00', 4.9),
    (6, 'MOV_HAND_RIGHT', '2023-10-22 10:48:00', 1.6),
    (6, 'MOV_HAND_LEFT', '2023-10-22 10:48:30', 1.8),
    (6, 'MOV_HEAD', '2023-10-22 10:48:30', 3.1),
    (6, 'MOV_HAND_RIGHT', '2023-10-22 10:48:30', 1.9),
    (6, 'MOV_HAND_LEFT', '2023-10-22 10:49:00', 1.0),
    (6, 'MOV_HEAD', '2023-10-22 10:49:00', 5.9),
    (6, 'MOV_HAND_RIGHT', '2023-10-22 10:49:00', 4.2),
    (6, 'MOV_HAND_LEFT', '2023-10-22 10:49:30', 3.5),
    (6, 'MOV_HEAD', '2023-10-22 10:49:30', 2.1),
    (6, 'MOV_HAND_RIGHT', '2023-10-22 10:49:30', 2.1),
    (6, 'MOV_HAND_LEFT', '2023-10-22 10:50:00', 2.0),
    (6, 'MOV_HEAD', '2023-10-22 10:50:00', 2.0),
    (6, 'MOV_HAND_RIGHT', '2023-10-22 10:50:00', 3.4),
    (6, 'MOV_HAND_LEFT', '2023-10-22 10:50:30', 2.2),
    (6, 'MOV_HEAD', '2023-10-22 10:50:30', 2.9),
    (6, 'MOV_HAND_RIGHT', '2023-10-22 10:50:30', 2.3),
    (6, 'MOV_HAND_LEFT', '2023-10-22 10:51:00', 6.0),
    (6, 'MOV_HEAD', '2023-10-22 10:51:00', 5.3),
    (6, 'MOV_HAND_RIGHT', '2023-10-22 10:51:00', 1.5),
    (6, 'MOV_HAND_LEFT', '2023-10-22 10:51:30', 5.9),
    (6, 'MOV_HEAD', '2023-10-22 10:51:30', 1.1),
    (6, 'MOV_HAND_RIGHT', '2023-10-22 10:51:30', 5.7),
    (6, 'MOV_HAND_LEFT', '2023-10-22 10:52:00', 3.6),
    (6, 'MOV_HEAD', '2023-10-22 10:52:00', 2.8),
    (6, 'MOV_HAND_RIGHT', '2023-10-22 10:52:00', 4.2),
    (6, 'MOV_HAND_LEFT', '2023-10-22 10:52:30', 2.5),
    (6, 'MOV_HEAD', '2023-10-22 10:52:30', 1.9),
    (6, 'MOV_HAND_RIGHT', '2023-10-22 10:52:30', 1.9),
    (6, 'MOV_HAND_LEFT', '2023-10-22 10:53:00', 3.2),
    (6, 'MOV_HEAD', '2023-10-22 10:53:00', 4.9),
    (6, 'MOV_HAND_RIGHT', '2023-10-22 10:53:00', 2.7),
    (6, 'MOV_HAND_LEFT', '2023-10-22 10:53:30', 2.0),
    (6, 'MOV_HEAD', '2023-10-22 10:53:30', 5.5),
    (6, 'MOV_HAND_RIGHT', '2023-10-22 10:53:30', 4.8),
    (6, 'MOV_HAND_LEFT', '2023-10-22 10:54:00', 3.0),
    (6, 'MOV_HEAD', '2023-10-22 10:54:00', 3.3),
    (6, 'MOV_HAND_RIGHT', '2023-10-22 10:54:00', 1.9),
    (6, 'MOV_HAND_LEFT', '2023-10-22 10:54:30', 1.1),
    (6, 'MOV_HEAD', '2023-10-22 10:54:30', 4.1),
    (6, 'MOV_HAND_RIGHT', '2023-10-22 10:54:30', 3.8),
    (6, 'MOV_HAND_LEFT', '2023-10-22 10:55:00', 5.3),
    (6, 'MOV_HEAD', '2023-10-22 10:55:00', 3.6),
    (6, 'MOV_HAND_RIGHT', '2023-10-22 10:55:00', 3.7),
    (6, 'MOV_HAND_LEFT', '2023-10-22 10:55:30', 3.8),
    (6, 'MOV_HEAD', '2023-10-22 10:55:30', 5.1),
    (6, 'MOV_HAND_RIGHT', '2023-10-22 10:55:30', 5.2),
    (6, 'MOV_HAND_LEFT', '2023-10-22 10:56:00', 3.7),
    (6, 'MOV_HEAD', '2023-10-22 10:56:00', 1.8),
    (6, 'MOV_HAND_RIGHT', '2023-10-22 10:56:00', 2.9),
    (6, 'MOV_HAND_LEFT', '2023-10-22 10:56:30', 6.0),
    (6, 'MOV_HEAD', '2023-10-22 10:56:30', 1.3),
    (6, 'MOV_HAND_RIGHT', '2023-10-22 10:56:30', 5.0),
    (6, 'MOV_HAND_LEFT', '2023-10-22 10:57:00', 2.1),
    (6, 'MOV_HEAD', '2023-10-22 10:57:00', 1.8),
    (6, 'MOV_HAND_RIGHT', '2023-10-22 10:57:00', 2.2),
    (6, 'MOV_HAND_LEFT', '2023-10-22 10:57:30', 6.0),
    (6, 'MOV_HEAD', '2023-10-22 10:57:30', 4.2),
    (6, 'MOV_HAND_RIGHT', '2023-10-22 10:57:30', 2.9),
    (6, 'MOV_HAND_LEFT', '2023-10-22 10:58:00', 3.8),
    (6, 'MOV_HEAD', '2023-10-22 10:58:00', 3.6),
    (6, 'MOV_HAND_RIGHT', '2023-10-22 10:58:00', 3.5),
    (6, 'MOV_HAND_LEFT', '2023-10-22 10:58:30', 5.8),
    (6, 'MOV_HEAD', '2023-10-22 10:58:30', 5.2),
    (6, 'MOV_HAND_RIGHT', '2023-10-22 10:58:30', 1.8),
    (6, 'MOV_HAND_LEFT', '2023-10-22 10:59:00', 4.8),
    (6, 'MOV_HEAD', '2023-10-22 10:59:00', 4.1),
    (6, 'MOV_HAND_RIGHT', '2023-10-22 10:59:00', 3.3),
    (6, 'MOV_HAND_LEFT', '2023-10-22 10:59:30', 2.4),
    (6, 'MOV_HEAD', '2023-10-22 10:59:30', 1.5),
    (6, 'MOV_HAND_RIGHT', '2023-10-22 10:59:30', 1.3),
    (6, 'MOV_HAND_LEFT', '2023-10-22 11:00:00', 2.5),
    (6, 'MOV_HEAD', '2023-10-22 11:00:00', 1.3),
    (6, 'MOV_HAND_RIGHT', '2023-10-22 11:00:00', 2.0),
    (6, 'MOV_HAND_LEFT', '2023-10-22 11:00:30', 5.0),
    (6, 'MOV_HEAD', '2023-10-22 11:00:30', 1.4),
    (6, 'MOV_HAND_RIGHT', '2023-10-22 11:00:30', 5.7),
    (6, 'MOV_HAND_LEFT', '2023-10-22 11:01:00', 2.9),
    (6, 'MOV_HEAD', '2023-10-22 11:01:00', 5.6),
    (6, 'MOV_HAND_RIGHT', '2023-10-22 11:01:00', 3.6),
    (6, 'MOV_HAND_LEFT', '2023-10-22 11:01:30', 3.4),
    (6, 'MOV_HEAD', '2023-10-22 11:01:30', 1.9),
    (6, 'MOV_HAND_RIGHT', '2023-10-22 11:01:30', 2.3),
    (6, 'MOV_HAND_LEFT', '2023-10-22 11:02:00', 5.6),
    (6, 'MOV_HEAD', '2023-10-22 11:02:00', 2.8),
    (6, 'MOV_HAND_RIGHT', '2023-10-22 11:02:00', 1.4),
    (6, 'MOV_HAND_LEFT', '2023-10-22 11:02:30', 3.3),
    (6, 'MOV_HEAD', '2023-10-22 11:02:30', 3.4),
    (6, 'MOV_HAND_RIGHT', '2023-10-22 11:02:30', 1.3),
    (6, 'MOV_HAND_LEFT', '2023-10-22 11:03:00', 3.0),
    (6, 'MOV_HEAD', '2023-10-22 11:03:00', 4.6),
    (6, 'MOV_HAND_RIGHT', '2023-10-22 11:03:00', 5.2),
    (6, 'MOV_HAND_LEFT', '2023-10-22 11:03:30', 2.4),
    (6, 'MOV_HEAD', '2023-10-22 11:03:30', 2.0),
    (6, 'MOV_HAND_RIGHT', '2023-10-22 11:03:30', 2.9),
    (6, 'MOV_HAND_LEFT', '2023-10-22 11:04:00', 3.8),
    (6, 'MOV_HEAD', '2023-10-22 11:04:00', 3.1),
    (6, 'MOV_HAND_RIGHT', '2023-10-22 11:04:00', 5.4),
    (6, 'MOV_HAND_LEFT', '2023-10-22 11:04:30', 4.4),
    (6, 'MOV_HEAD', '2023-10-22 11:04:30', 1.7),
    (6, 'MOV_HAND_RIGHT', '2023-10-22 11:04:30', 4.9),
    (6, 'MOV_HAND_LEFT', '2023-10-22 11:05:00', 1.6),
    (6, 'MOV_HEAD', '2023-10-22 11:05:00', 1.3),
    (6, 'MOV_HAND_RIGHT', '2023-10-22 11:05:00', 5.2),
    (6, 'MOV_HAND_LEFT', '2023-10-22 11:05:30', 4.3),
    (6, 'MOV_HEAD', '2023-10-22 11:05:30', 3.8),
    (6, 'MOV_HAND_RIGHT', '2023-10-22 11:05:30', 5.8),
    (6, 'MOV_HAND_LEFT', '2023-10-22 11:06:00', 2.6),
    (6, 'MOV_HEAD', '2023-10-22 11:06:00', 2.1),
    (6, 'MOV_HAND_RIGHT', '2023-10-22 11:06:00', 5.8),
    (6, 'MOV_HAND_LEFT', '2023-10-22 11:06:30', 3.2),
    (6, 'MOV_HEAD', '2023-10-22 11:06:30', 4.8),
    (6, 'MOV_HAND_RIGHT', '2023-10-22 11:06:30', 1.4),
    (6, 'MOV_HAND_LEFT', '2023-10-22 11:07:00', 4.7),
    (6, 'MOV_HEAD', '2023-10-22 11:07:00', 2.8),
    (6, 'MOV_HAND_RIGHT', '2023-10-22 11:07:00', 2.1),
    (6, 'MOV_HAND_LEFT', '2023-10-22 11:07:30', 4.3),
    (6, 'MOV_HEAD', '2023-10-22 11:07:30', 4.6),
    (6, 'MOV_HAND_RIGHT', '2023-10-22 11:07:30', 3.2),
    (6, 'MOV_HAND_LEFT', '2023-10-22 11:08:00', 4.6),
    (6, 'MOV_HEAD', '2023-10-22 11:08:00', 1.4),
    (6, 'MOV_HAND_RIGHT', '2023-10-22 11:08:00', 3.7),
    (6, 'MOV_HAND_LEFT', '2023-10-22 11:08:30', 2.1),
    (6, 'MOV_HEAD', '2023-10-22 11:08:30', 3.4),
    (6, 'MOV_HAND_RIGHT', '2023-10-22 11:08:30', 5.5),
    (6, 'MOV_HAND_LEFT', '2023-10-22 11:09:00', 5.4),
    (6, 'MOV_HEAD', '2023-10-22 11:09:00', 3.7),
    (6, 'MOV_HAND_RIGHT', '2023-10-22 11:09:00', 4.1),
    (6, 'MOV_HAND_LEFT', '2023-10-22 11:09:30', 3.2),
    (6, 'MOV_HEAD', '2023-10-22 11:09:30', 3.0),
    (6, 'MOV_HAND_RIGHT', '2023-10-22 11:09:30', 2.8),
    (6, 'MOV_HAND_LEFT', '2023-10-22 11:10:00', 1.6),
    (6, 'MOV_HEAD', '2023-10-22 11:10:00', 5.4),
    (6, 'MOV_HAND_RIGHT', '2023-10-22 11:10:00', 4.8),
    (6, 'MOV_HAND_LEFT', '2023-10-22 11:10:30', 5.6),
    (6, 'MOV_HEAD', '2023-10-22 11:10:30', 4.0),
    (6, 'MOV_HAND_RIGHT', '2023-10-22 11:10:30', 4.0),
    (6, 'MOV_HAND_LEFT', '2023-10-22 11:11:00', 3.8),
    (6, 'MOV_HEAD', '2023-10-22 11:11:00', 1.1),
    (6, 'MOV_HAND_RIGHT', '2023-10-22 11:11:00', 3.5),
    (6, 'MOV_HAND_LEFT', '2023-10-22 11:11:30', 2.8),
    (6, 'MOV_HEAD', '2023-10-22 11:11:30', 1.5),
    (6, 'MOV_HAND_RIGHT', '2023-10-22 11:11:30', 5.2),
    (6, 'MOV_HAND_LEFT', '2023-10-22 11:12:00', 1.0),
    (6, 'MOV_HEAD', '2023-10-22 11:12:00', 5.3),
    (6, 'MOV_HAND_RIGHT', '2023-10-22 11:12:00', 4.7),
    (6, 'MOV_HAND_LEFT', '2023-10-22 11:12:30', 1.5),
    (6, 'MOV_HEAD', '2023-10-22 11:12:30', 1.1),
    (6, 'MOV_HAND_RIGHT', '2023-10-22 11:12:30', 5.7),
    (6, 'MOV_HAND_LEFT', '2023-10-22 11:13:00', 2.8),
    (6, 'MOV_HEAD', '2023-10-22 11:13:00', 1.2),
    (6, 'MOV_HAND_RIGHT', '2023-10-22 11:13:00', 3.6),
    (6, 'MOV_HAND_LEFT', '2023-10-22 11:13:30', 3.8),
    (6, 'MOV_HEAD', '2023-10-22 11:13:30', 2.6),
    (6, 'MOV_HAND_RIGHT', '2023-10-22 11:13:30', 1.9),
    (6, 'MOV_HAND_LEFT', '2023-10-22 11:14:00', 4.2),
    (6, 'MOV_HEAD', '2023-10-22 11:14:00', 1.9),
    (6, 'MOV_HAND_RIGHT', '2023-10-22 11:14:00', 4.1),
    (6, 'MOV_HAND_LEFT', '2023-10-22 11:14:30', 5.9),
    (6, 'MOV_HEAD', '2023-10-22 11:14:30', 2.2),
    (6, 'MOV_HAND_RIGHT', '2023-10-22 11:14:30', 4.5),
    (6, 'MOV_HAND_LEFT', '2023-10-22 11:15:00', 2.0),
    (6, 'MOV_HEAD', '2023-10-22 11:15:00', 5.1),
    (6, 'MOV_HAND_RIGHT', '2023-10-22 11:15:00', 4.5);

